﻿,keysentence
0,여성 페미니스트의 주장 20대 남자는 매우 미숙하니 투표권 없애야 하고 만 16세 생리 이후 여자는 여성으로 보고 투표권 행세해야 합니다.
1,우리나라는 진보나 보수나 진정 국민을 생각하는 정치인들은 없음.
2,"10대 남성이 갈아엎을 거 기다리지 말고 지금 20, 30대가 갈아엎어야지 뭘 그때까지 기다림. 40대가 끝까지 문제면 쳐내 그냥"
3,저 지지율이 정말 경악스럽네요. 아직도 지지하는 사람들이 있는 게 참 내가 하면 로맨스 남이 하면 불륜 or 더불어 공산당 or 남 탓 정부
4,"이게 시작이야.. 서울시장, 대선, 그리고 국회의원 선거로 차례차례 무능하면서 착한 척만 오지는.. 너희들을 청소할 때가 왔어…."
5,추녀 진절머리가 난다. 대통령은 묵묵부답이 정권은 정신세계 참 독특하다 잘못하고도 사과하는 인간이 없네
6,거짓 정당 문재인! 박영선 무엇이라고 정의당이라고 그리고 오세훈 후보 거짓말을 한다고? 거짓말을 어느 당이 더 많이 했는가?
7,언론 개혁 못 하면 미래는 없다고 그렇게 말했는데 뭉그적거린 결과 정확한 말씀입니다
8,사회적 거리도 기 정책 진짜 잣같이 시행하는 건 알겠음 근데 페북이나 인스타 같은 SNS에 극우 네티즌들로 도배되는 거 효과 본 것도 있는 듯
9,임 대표님 오늘 영상 참 좋습니다. 요즘 젊은 세대들이 볼 영상입니다. 저도 애들한테 추천 하려니 다 감사합니다.
10,저희 집은 주식으로 폭 망해서 안 좋은 기 억이 있습니다. 부동산은 가격이 떨어져도 가족들이 살 기 좋아하니 기분은 좋더군요
11,조국 장관님 항상 응원합니다. 가짜 뉴스로 현혹하는 유튜브와 적폐 청산은 깨어 있는 시민님 들 목표입니다. 황희 두 임 응원합니다
12,저건 모르는 게 아니다. 이미 다 알고 있는데 사실대로 말하면 더 욕먹을까 봐 일부러 피하는 거지
13,나는 60대인데 이 청년 어쩜 이렇게 시대를 궤 뚫고 있으니 눈물이 났다 너의 말이 다 맞다.
14,자기들이 남녀 갈등 만들어서 편 가르기도 해놓고 왜 갈렸나 분석하는 것임? 진짜로? 몰라서 저러는 거야? 아니면 멍청한 거야?
15,대치어 없음 한겨울에 광화문에서 박근혜 하야 외치면서 촛불 든 게 누군데 역사 경험치 ㅇ 자리
16,대체 180석 정도나 먹고 한 게 뭐냐 그러곤 나선 이번에 진 이유도 병신 같은 데서 찾고
17,너무 가슴 아픕니다. 평범한 부모님의 자식들은 희망이 없이 하루하루 힘들게 살아가는 이 현실 세상을 바뀌게 2번 찍어요
18,그리고 노장인 이해찬 더 하라 할 수도 없고 고문 역할 하시길 왜 국가를 위해서 이해찬 파이팅
19,MBC 키워야 한다. 그나마 공정한 방송하는 건 마봉춘이 최고다
20,저는 여권에 관심도 없었는데 탈북민들이 하도 여권에 대한 소중함을 얘기하시는 거 보니깐 내 여권이 달리 보이더라고요.
21,좌파 뽑아도 LH 우파 뽑아도 LH 답은 허경영!!!
22,"여당 총동원령! 부정, 조작, 사기 꼼수, 중국인, 조선족 개입을 철저히 감시 감독합시다"
23,노래 너무 잘하시네요 앞으로 계속 듣고 싶은 목소리에요
24,유리할 땐 평등 불리하면 차이 ㅇ 자리 하고 그걸 또 밥그릇 안 뺏기려고 다 들어주는 지옥 같은 한국
25,다 필요 없음 이낙연 이재명 정세균 내년에는 꼭꼭 야당 해야지
26,여가부 폐지하고 그린벨트 풀고 아파트 미친 듯이 지으라고 집값 그만 올리고 월급으로 집 좀 사보자
27,일본 버블 경제에 대한 경기지 피해자와 가해자가 중요한 게 아니지 않나요? 결국 폭탄 돌리기 참여하지 말란 메시지 아닌가요?
28,검찰보다 경찰이 더욱 열심히 수사할 듯 기대됩니다. 검찰은 전부 1의 대변하는 세력
29,왕토 본래 캐릭터가 마스크라던데? 반박 시 코로나
30,"오세 후니, 급식 반대에 살려놨더니 페라가모에 생태탕 먹으며 투기하고 싶나 보다 ㅠㅠ"
31,나 50대 차음 댓글 진심 공감... 엄지 척….
32,"맞습니다!. 아쉬우면 비단도 한 끼라고. 삼촌 네 떡도 싸고 맛있어야 사 먹는다고, 장마다 꼴뚜기 나오는 것은 아닙니다"
33,이명박 그네 때 교육과 군대 생활의 영향임 북한과 잘 지 내려는 걸 못 봐줌 아주 경기를 일으킴
34,또 세금으로 돈 퍼주려고? 취업률 올리는 게 아니라 백수 앵벌이 현금 지원하고 있냐
35,일베충이 되어 버린 나... 이젠 취직 못하는 거예요?
36,닭 그네 키즈 이준석 그런데 준석이 도 최순실 밑에 있었나?
37,성추행 당연히 여론 파악을 대체 어디서 하는 거냐 크크크 매일매일 자살골 넣는 거도 재주 다 크크크
38,탈북자 여러분들 진정한 자유대한민국의 애국자들입니다.
39,이 미친 초선 5적들이 민주당이니? 정말 욕도 아깝다 어떻게 이런 짓거리를 할 수 있는 것인가? 정말 분노스럽다
40,누굴 뽑든 민주당보다는 훨씬 나을 거라고 절대 민주당 안 뽑을 거다
41,재선된 분들 본인 의사에 비추어 방 안 옮기면 뭔가 힘을 들지 않을까요?
42,갤럽 19%는? 국지 마음 20 프로 못 넘을 듯
43,민주당은 수준 이하의 집단이 분명합니다. 호남의 수준인가???
44,처음부터 죄가 없었다 윤석열 일당들이 만든 것 아닐까?
45,142 단추 구멍 눈이라 뭐가 똥인지 된 장인지 못 알아보나 봄….
46,"군 가산점, 군 호봉 인정 안 해주는 게 빼앗을 게 아니면 뭐냐?"
47,윤. 석 열을.. 제대로. 쳐. 내지. 못한 게. 큰. 실수였다.
48,진짜 변호사님 크크크 제가 하고 싶은 말 시원하게 해주시네요….
49,겨 묻은 개 때문에 똥 묻은 개한테 표를 주네 ㅋㅋ
50,최악보단 그다음 악... 솔직히 양쪽 다 혐오스럽지만
51,이런 거 공개 왜 하냐 또 성차별 어쩌고저쩌고 조장하려고?
52,진짜 이 상하네 MBC... 너무 심한 거 아닌가 몰라 이거
53,"버려, 외면.... 서로서로 아니었나 싶다…."
54,내곡동 땅으로 협박하는 놈들 다 입 다 물게 해주세요
55,"극우들의 공산주의 프레임이 2, 3십 대에 먹힌 것 같습니다. 이념 대결로 갔습니다."
56,하루빨리 열린 민주당과 통합하라 미루지 마라. 나 주 나중 핑계에 불과
57,당보 고 뽑는 게 제일 멍청한 짓인데. 이번 총선은 인물이 없긴 했다.
58,민주당을 뽑진 않았지만 무능한 이들에게 권력을 주면 이런 일이 있지 않나 싶습니다
59,어찌 됐건 ...이제야 국힘당에서 안철수 관련 디스 하는 건 보기가 별로요..
60,진짜 민주당 제대로 각성해서 대권 화끈하게 가져오자!!!
61,계속 이길 순 없다. 아쉽지만 이번엔 잘 졌다.
62,소통하라고 하는데 거기 출연자부터 소통 좀 하시지
63,180 일하라고 줬더니 이래저래 끌기나 하고 이것들도 똑같은 것들이 네 취급 당한 것이다. 반성해라
64,임대 사업자 혜택이 민주당 망하는 지름길. 다주택자 혜택 준 것이 첫째다
65,듣기는 속히 말할 가는 천천히 비난 비판보다 경청.
66,그런데 난 왜 민주당보다 국지 마당이 더 강해 보일까...... ㅡㅡ
67,민주당 서포터 한다는 당 신부 터 개념이 부족한데 뭘. 크크
68,민주당 너무 감싸지 마시고 수박들을 색출에 명단을 공개하세요. 박시영 님
69,"민주당 지도부 자체를 잘라야 하는데, 무슨 제목이 이래? 박시영 호남 출신이라는 티 계속 낼 거냐?"
70,오세훈이 국무회의 참석하는 상상 하면 피가 거꾸로 솥 음
71,이럴수록 더 힘내서 싸워야 합니다. 항상 이길 수는 없는 겁니다. 지면 다음에 이기면 됩니다
72,안진걸 소장님 고맙습니다. 오세훈 박형준 수사해야 하는 거 맞지요
73,민주당도 오세훈 고소 취하하면 절대로 안 됩니다. 취하하면 집토끼들 다 달아납니다.
74,안 소장님 정말 아무리 참으려 해도 눈물 아닌 피눈물이 납니다.
75,"오세훈의 비리 숨기고 살았겠지만, 하나님이 용서하지 않아 그 죗값을 크게 받을 것이다."
76,싹 수가 노란 것들은 미리미리 싹을 잘라야 됩니다.
77,안 진걸 완전 핵산이다. 정말 위로 가 됩니다
78,이소영 장경태 여기 패널로 나왔던 분들 아닌가요? 내 참 어이가 없어서 다시 섭외해주세요
79,ㅋ 고현준 기자님 어머니부터 계몽해 봅시다!!
80,애교로? 장난하냐? 애냐? 실드 영역 벗어났습니다.
81,오세훈 도덕 불감증... 안진걸 님 미안하고 죄송합니다
82,동네방네 나경원 외치고 다니니 나경원이 못 올라왔지 댁이 무슨 전략가야
83,박시영 요즘 왜 이리 나이브하냐? 구독 취소하고 갑니다.
84,민주당아. 박시영. 김어준. 이동형 말만 잘 들으면 떡이 생긴다. 이것들아
85,"이낙연의 엄중, 협치, 사면이 민주당을 말아먹었습니다."
86,신지호 교수님 음량이 다른 분보다 작게 나옵니다
87,세 분을 여기서 뵙는군요. 수고 들 하셨습니다!
88,한 주제당 1315분 설정에 두 가지 주제를 설정해 주시면 어떨까요
89,장 예찬 님 젊은 분이 날 카 토운 지적 훌륭합니다.
90,명쾌하다! 시원하다! 냉장된 사이다 큰 컵에 마신 것 같다! 속이 파트이다!!
91,어벤져스 야호!! 우리 우파의 힘 받는 세 분 존경 하빈다는 지 할 곳 없는 우파의 심정 달 내 주시는 어벤져스 야호!!
92,대학생들과의 토크 콘서트 꼭 해야 할과 제입니다. 기대합니다.
93,문 씨 마스크 사진 위에 눈깔이라도 모자이크 처리 부탁요
94,저 무능하고 뻔뻔한 더불어민주당 제발 2022 어벤져스 시청 좀 했으면 좋겠네요. 세 분이 우리들의 희망입니다
95,베네수엘라처럼 은 되지 말자는 거겠죠. 외출했던 뇌가 좀 돌아온 거겠죠.
96,008 연설하시는 분의 성함은 유재성이 아닌 노 대승입니다.
97,몇 번을 다시 봤는지 모르겠습니다. 또래로서 너무 자랑스럽습니다.
98,너무 대단하세요. 유세 현장서 찬조 연설 쉽지 않을 텐데 어쩜 이렇게 똑똑하신지 참으로 자랑스럽습니다
99,정말 멋진 연설!!! 며칠 준비를 해도 이것보다 나을 수 없다!!!
100,이런 거 좀 자주 해주세요. ㅋㅋㅋ 너무 재밌음
101,멋있어요. 연사님 똑똑하시네요. 저런 분의 부모님 부럽습니다. 정말 멋진 분이 시네요
102,와 말 진짜 논리적으로 잘한 다 대박 멋지네요
103,진짜 감동이네요. 즉흥으로 이렇게 이분은 뭐를 해도 할 수 있을 것 같네요
104,"노재성 님 후일, 이 날라짐 어질 제목입니다. 기억할게요."
105,진짜 소름 돋게 참된 팩트만 말해주니 카타르시스가!!!
106,우와... 이분 레전드네!!! 감탄만 나온다.
107,"단독 의인이라던 생태탕집, 도박 방조로 과징금 600만 원 처분"
108,울 아들 대학생인데 환승 제도 너무 잘 되어서 좋다고 함
109,진짜 웬만한 나이만 처먹은 꼰대들보다 백 배 낫다….
110,토목공사 돈 벌고.. 내곡동 그린벨트 풀어 돈 벌고.. 좋아 좋아
111,노재성 님 진정한 애국자이십니다. 감동했습니다
112,박원순은 해놓은 거 없고 성추행만 하고 등등 아주 형편없는 짓만 했습니다.
113,오세훈이 되면 그 쓸데없는 고가도로공원이나 없애 버려라. 아님 제대로 정비해서 다시 만들던가?
114,나 같으면 일 못 해서 쫓겨난 자리에 다시 안 가겠다. 양심도 자존심도 다 없구나! ㅋㅋㅋㅋㅋㅋㅋㅋㅋ
115,오세훈은 우리 이승만 광장의 태극기가 지킨다. 대구 애국혼 구단
116,시끌시끌 시 끌 시끌시끌 어머 어어 한심하구나
117,320 내 귀를 의심했다. 덜덜 좀 상식선에서 연설자를 모셔야 하지…….
118,엠비 아바타 전광훈 똘마니 창피한 줄 알면 좀 사라져라
119,이 분은 후에 메이플 간담회에서 사이다를 선사합니다….
120,이렇게 논리적이고 이성적이신 분이 왜 메이플을….
121,오세훈 님이랑 안철수 님 뒤에서 흐뭇하게 바라보시는 거 졸기 크크크
122,멋있다 잘 생겼다 똑똑하다 그래서 든든하다. 아들의 간절한 외침에 눈물 날 것 같다
123,역시 크크크 추진 생이 20만 원은 어디서 났어요?
124,마지막에 왕 톤임 실명 뭐냐고 물어보신 거 같은데 ㅋㅋ 스카우트 당하시는 거 아냐?
125,애! 국! 보! 수! 왕! 토! 좌! 영! 원! 하! 사! 알! 해!
126,아니 이분이 왕 토 님이라고? 덜덜 그는 대체 황톳빛도
127,메이플 간담회 분 바르구나 ㅋㅋㅋ 어쩐지 비슷하더라 ㅋㅋㅋ
128,신상 찾아내서 또 양념 당하지 않을까 걱정되네
129,95년생 동갑인데 형이라고 부르고 싶다. 형 멋져요
130,마스크 내려가는 거 계속 쓱 올리는 거 개 귀엽네 크크크
131,뒤에 찰스 형님 눈빛 보면 오... 요것 봐라? 하하하 이러는 거 같음 크크크
132,키토.. 보면 볼수록 뭘 하든 대성할 케이스 같음
133,말 진짜 잘한다... 매끄러워... 오 놀랍다….
134,마스크 내려가면 다시 올려 쓰는 건가 그때와 똑같군….
135,어쩐지 어디서 봤다 했더니 ㅋㅋㅋ 여기서 봤군요
136,황토 좌..... 그의 0.1이라도 닮고 싶습니다... 너무 대단한 분 ㅜㅜ
137,일반인은 아닌 거 같은데? ㅋㅋㅋ 아무튼 영선이 머리가 띵하겠다 크크크
138,메이플 유저 왕 토 님의 언변 대출 박고 갑니다…….
139,정말 간담회도 잘 봤습니다. ㅜㅜㅜㅠ 저보다 한 살 많은 데 정말 대단하십니다….
140,보통 인물이 아닌데? 엄청 훈남에게 용기도 있고 철학도 있고
141,우와... 정말 멋지다. 그리고 나도 반성하게 된다.
142,이분이 그 간담회 1인 솔 격했다는 분인가요?
143,가증스러운 놈 크크크 그렇지 국지 마당에서 교육 수료한 놈이라고 크크크 번지르르하더라니? 퉤퉤
144,나 이 젊은이 자꾸 찾아보게 되네요.. 너무 매력 있어서
145,그럼 2번 뽑니? 있는 데로 다 받아 처먹고.. 개 쌕 뀌네
146,뒤에 라인업 레전드 네 크크크 오세훈 안철수 나경원 아니냐?
147,직업은? 취준생 업적은? 원기 레이드 극 딜러
148,나도 동감이 다 일 번은 노 답 담에 끌어내어 2번 그리고 의석도 80석으로 만듭시다
149,에구 어쩌면 이리도 톡톡할까.. 맞는 말만 골라 하네요. 이런 젊은이들에게 희망을 봅니다.
150,안녕하세요 선행 착해 여 요여 염증 해 염증 해거리도 다 자기들이 하고 여
151,안철수 오세훈 나경원은 뭐 저런 애가 다 있냐 하면서 신기하게 쳐다보네! ㅋㅋ
152,여기서도 말 엄청나게 잘 하시네 그는 달변가인가?
153,IT 강국이 된 게 어쩌면 신의 한 수인 듯.. 정보의 바다에서 선동이 쉽게 통하지 않는 젊은이들에게 희망을 걸어본다.
154,오세훈은 우리 이승만 광장의 태극기가 지킨다. 대구 애국혼 구단
155,우리 학교 출신이면 밥 한 끼 사주고 싶네! 흐흐흐 말 잘한다.
156,이 와중에 흰옷 입고 있는 안철수. 눈에 거슬리군.
157,말 잘한다. 발성도 좋고. 아나운서 해도 될 듯
158,민주당의 언행 불일치 그리고 입 사행 모두 장악한 신독재... 반드시 교체해야 합니다
159,셀프 보상 어디 할 거니? 나도 하게 재탕하러? 왔다 오구라는 것이
160,이 땅에서 민주당 몰아내는 혁명의 날 4.7일을 기억하자
161,아 저녁 먹고 나른했는데 소화가 다 되네요. ㅋㅋㅋㅋㅋ
162,오래간만에 속인 후는 하 네 뉘 집 아들인지 막혔다
163,세훈 안 알지? 나왔대? 알지? 약속은 지켜라
164,김대업. 윤지오. 두루 킴. 내고 증인 2공 통점?
165,"네 공동 셀프 보상, 사퇴 요정, 오세훈 사퇴하나?"
166,고작 그거냐? 머리에 든 게 너희들 대장은 더 큰 거 있다
167,눈물 나네요... 힘내시고 우리 연합하여 승리합시다!!!
168,우리 아이들 눈에서 피눈물 쏟게 하는 저것들 열 배 백배 생지옥에 빠지길
169,생태탕이 아니고 요 본질은 오리발 탕이랍니다 ㅋㅋ
170,생태탕이 아니고 요 본질은 오리발 탕이랍니다 ㅋ
171,깨문 이들하고 더 민주파들 tbs에서 좀 범하면서 씹던데 걔들은 왜 방구석에서만 저럼?? 도 통 밖에 나와서 뭘 안 하네요??
172,진짜 머 찌 다 BGM까지 2002년 월드컵 때 그 젊은 열기가 가슴 뛰게 한다.
173,대한민국의 아저씨 가증에!! 금이 빨 빼고 모두 찍어줄게
174,준 승기 잘한 다 크크 이번에 사고 친 듯 ㅋㅋ
175,오죽했으면 오백삼 때문에 죽어가던 당이 젊은이들에 의해 부활하냐!?
176,국토부나 다시 뽑읍시다. 김포 과천 분당 부천 다 망해갑니다. 대전도 울산도 광주도 ㅋㅋ
177,"키득키득 젊은이들 아 너희들이 찍은 거니까,,,, 책임도 너희들이 져 영"
178,가고 싶어서 간 것이 아니러 가야 해서 간 것이다.
179,040 이때만 해도이니 가 잘 할 줄 알았지…….
180,채 묻은 수세미 닦으려고 사 온 게 오히려 똥 묻은 수세미였어
181,개평과 공 결정 저거 진짜 내 웃음 벌임. 크크크
182,이제까지 없던 거 만들어준 데서 오 했는데 다른 의미였음. 크크크
183,꽃이 지고 나서야 봄인 줄 알았습니다.. 그립습니다. 각하….
184,원인 1. 개문 시 2. 개 팔 육 3. 개짓거리
185,둘 다 기 특권인 지네들 월급 올리는 건 제일 빠름
186,028 가슴에 울림을 줬는데 이젠 머리에 울림을 주네... 머리가 띵하다 후….
187,이제는 믿을 놈이 없다. 총 가진 살인마 vs 전기톱 들고 있는 살인마
188,A야 너 왜 그쪽으로 가! B 네가 쳐 밀었잖아 A???
189,어디든 자기 쪽 해쳐 먹으려고 만 하는데 누굴 찍어야 할지 모르겠다.
190,2억으로 18평 수원 아파트 살 수 있게 만들어 주라
191,지크 예 가도 1년 남았을 때 파라지 섬 습격을 추진했습니다
192,진짜 왜 등 돌렸는지는 이 악물고 말 안 하네
193,인제 와서 뭐 하려고 하지 마! 안 바꿔줘 돌아가
194,몸에 대고 총 쏴 갈긴 다음 에어? 왜 피남? 이러면 아.. 피 나서 미안해! 하겠냐?
195,그냥 새로운 게 나와도 욕을 먹는 게 일상다반사
196,전형적인 가해자 마인드로 왜 등 돌렸냐고 묻네
197,스파르타 마냥 자기들이 등 발로 차서 밀어 넣고는 왜 돌렸나
198,대 깨들 다 어디 갓 누. 크크 대단 허다 이니
199,제기랄 처음 연설부터 지킨 거 없네 ㅋㅌㅋㅎㅋㅌ 크크크
200,크크크 왜 갔냐고? 크크크 하는 꼬락서니를 봐라. ㅋㅋㅋ 안 가게 생겼냐? 크크크
201,유명 영화에 이런 대사가 있지. 어차피 대중들은 개 돼 지입니다.
202,취임사... 하나부터 열까지 구라네 제기랄 크크크
203,우한 구라 감기 연좌제 가택 연금 북한인 줄 알았다
204,4년 만에 얼굴이 맛이 갔다... 링 스트레스가 장난 아니겠지
205,아니 이래도 민주당 뽑냐고 크크크 다음엔 뭘까
206,조선국 마사가 2회 만에 종영되는 순간 민심을 파악했어야….
207,Ytn 너네 진짜 왜 캐 졸렬하나 느낌 싸하니까 바로 팽 때 리네. 크크크 작년만 해도 빨기 바빴는데
208,멍청. 그렇다고 걔들한테 가면 뭐 될 거 같아 하하
209,아 그래서 최순실 잔당들 선택함 ㅋㅋㅋ 아주 앞뒤가 맞네
210,019 듣자마자 어이가 없어서 육성으로 조건 있네 가 터지네! 진짜 크크크
211,첫 연설 사의 세 마디 중 어느 것 하나 이루어진 게 없다. 정말 무능함
212,"무능력, 책임도 안 지고 더 꼰대에 더 불통임"
213,A가 좋아서 선택한 게 아니라 그저 B가 선택되지 않았으면 했다….
214,"암탉한테 지배받느니, 강한 수탉한테 지배받는 게 낫다"
215,쓰레기는 더러웠다 그 쓰레기 욕하던 위선자들의 참모습을 보니 더 더러웠다.
216,집을 못 사니 흥분하지 어떻게 아파트가 투자됐냐?
217,조선인의.. 안락사.. 유일한…. 구원…. 노서버씨!! 지켜봐 줘!!
218,그쪽에서 잘 쓰는 용어 좀 빌립시다. 독 박 국방
219,전 법무부 장관 딸 사건은 저러더니 나경원 아들 램은 왜 저 짓을 안 하는 가. 크크
220,초등학생 사이에서 분통이랑 더불어민주당 좋아하면 왕따당함 ㅋㅋㅋ 실화임
221,ㅋㅋㅋ 역시 좌익 빨갱이가 흑백 논리 지리네 크크크
222,저 취임사 들을 때마다. 왜 이렇게 역겹지 하
223,문재인 취임사 중 제대로 이뤄낸 게 하라 나도 있나?
224,이젠 20 대 72 토착 왜구일 베 만들겠네! ㅋㅋ
225,종이 님 마무리 멘트 메시지에.. 더더욱 확신과 희망을 키웁니다. 종이 원정대
226,다음에 엠마 님 데디 임을 연설 멘트 시킵시다!!
227,우린 자주국방은 안 됩니다. 러시아도 경계해야 합니다
228,"여든 야든 자멸의 길로 가고 있구나... 인정할 일은 인정하고, 반성할 일은 진심으로 반성하자."
229,고름은 가만둬봤자 피가 되지 않는다. 짜 없애 버려라!!
230,강선우. ㅎ.... 진짜 어부지리로 당선되더니 지가 뭐라고 입 놀리냐
231,그냥 이익 공유제나 연구하세요. ㅋㅋㅋㅋㅋ 소득 주도 성장이나 ㅋㅋㅋ
232,그땐 뭐 했나 쇼 아닌가 심판은 계속 진행 중이다
233,나머지는 뭘 잘했다고 시끄럽습니다. 장하시네요. 들.
234,민주당과 다 깨들이 미쳐도 단단히 미쳐 돌아가네
235,민주당은 케케묵은 날 근정 침을 버리고 세 신 해야 한다. 탈당 당원들 복당을 쉽게 해줘야 한다.
236,노웅래 반문이 이때다 싶어 역시나 내부 총질 그런데도 당신에게 기회 안 가요
237,오영환이는 의용소방대나 해라 사퇴해라 시건방진 놈
238,괜찮아야 더 추행 담은 공산당으로 바꿔야 하기에
239,아직 멀었다. 민주당 수구 골통이 돼가고 있다
240,"민주화 운동 ㅇ 자리 하는데 막상 진짜 민주화 운동 하신 60, 70대분들은 민주당 안 찍음."
241,크크크 정작 가려운 부분은 이 악물고 안 긁고 주변만 벅 벅 벅 긁는 거 봐라. ㅋㅋㅋㅋㅋ
242,"왜냐고? 똥 맛 된장은 먹어 봤지만, 된장 맛 똥은 아직 안 먹어 봤거든 이번 기회에 실컷 먹으라 유. 크크"
243,얼굴 가렸는데 얼굴이 상상돼. ᄏᄏᄏᄏᄏᄏᄏᄏᄏᄏᄏᄏᄏᄏ
244,최선이 아니면 그다음 악을 선택해야지 밖으로 나온 것들이 다시 숨어 버릴까 겁난다.
245,너희들이 뭔 짓을 했는지 진정 모른단 말인가?
246,맞아요. 뚜렷한 공평의 징후가 아니라 또 다른 어설픈 특권 계층이 형성되어가는 것을 느꼈을 뿐이죠
247,국 힘 잘할 거 다 기대해라! 벌써 뻥뻥 터지고 있지?
248,빨간 게 좋아서 예뻐서 뽑은 게 아니다.. 너무 좋아하지 마라…….
249,북한에 신경 쓸 동안 자국은 신경을 덜 쓰게 된 건가…….
250,솔직히 패니 때문이지 크크크 조선은 아직 멀었다.
251,성가를 등이 1순위 다 무신 다른 게 먼저라고 쯧쯧쯧
252,빨간 당은 다를 거 같냐!! 그놈이 그놈인 것을….
253,물에 빠진 미친 개를 건져서 살려주다니 이제 물릴 일 만 남았습니다.
254,민주당 너희들 참회를 안 하는구나 이낙연을 비록 한 수박들 모두 무릎 꿇어라
255,자기네들이 무슨 말 하였는지도 모르는 것 같은 데
256,저 물건들 진짜 웃긴 다 대박이 다 진짜. 뒤통수 제대로 치네
257,이상 22대 민주당 공천 컷오프 명단 예정자였습니다.
258,"안녕 잘 가라니 수영, 오영환, 전용기, 정철 미노, 장경태"
259,자가 오만에 자기애가 넘쳐 미쳤군요.... 너무 가슴이 아픕니다….
260,오영환 이소영 장경태 장 철문 전용기 이들의 이름을 기억할 것이다.
261,사죄 내용 상왕 파리 왕파리들하고 다른 게 뭔데 선택적 사과냐
262,오영환 이소영 정철민 미쳤지 오영환 너 완전 뒤통수를 쳐 때려
263,너희들한테 누가 뭐라고 한 적 없어 그냥 가만히 나 있어 라 가려거든 그냥 가지 남을 이용하는 더러운 짓들은 하지 마라
264,너희들이 더 역겹다. 웃기는 친구들이 구만... 헐
265,착각은 너희들이 하고 있다. 참패 원인을 누구 탓을 해니 들 이 배지를 달게 된 게 누구 덕인데
266,ㅋㅋㅋ 얘들 눈치채고 갈아타네! 낭군이 후궁은 어데 같노
267,"민주당 너희들 조 국장관 구하기, 추미애 장관 수호하라."
268,완전히 콩인지 팥인지조차도 모르고 있구먼…. ㅉㅉㅉ…. 이 일을 어찌할꼬…….
269,너희들 졸았니? 이런 머저리 같은 쫄 보 심성으로 뭘 하겠니?
270,"입만 나 부을 대지 마라. 뼈를 깎고 피를 토하는 아픔, 목숨까지 내놓을 수 있는 비장한 각오로 나가야 한다."
271,추미애 탓?? 이것들은 어느 새 늙은이가 되었나?
272,문재인 앞잡이 노릇 하던 장경태 네가 할 말은 아닌 거 같다
273,참.. 놀고. 자 빠젓내…. 오만과. 자만이. 하늘을. 찌르더구먼.. 쩝쩝 이나. 집으로 보내면. 쇄신…!
274,소망하기 눈 일 모두 이루시길 기원합니다. 코카콜 배트 진심으로 인사합니다
275,자주 나와 주세요. 깨어 납치 다 미인이 훌륭하기까지 해도 되는 건가요
276,"종이 님 창원인데 8, 15 광화문 집회 몇 시까지 가면 되나요??"
277,탄핵에 동조하더니 이 무슨 개고생이냐? 보았는가 분열하면 망하고 모두가 고통스러워진다.
278,김현미가 국 힘 당인 줄 알았음 너무 엉망으로 해서
279,제목을 오세훈 몰표? 이따위로 올려? 요즘 김현정이 토착 왜구로 가네?
280,아니 폐 ㅁ MBC 아아 아악 안 들린다!!!
281,언제까지 눈 가리고 귀 막고 버티나 보자. 크크크
282,"암탉에게 지배받느니, 강한 수탉한테 지배받겠다."
283,이슈 완전히 정복이라면서 제일 중요한 걸 정복 못했나 쯧쯧
284,젠더 이슈가 딱 답인데 애써 피하는 저 위선자들
285,"Premium Private Sex 18 cams. xyz ! 1, 1617879667"
286,오세훈이가 너희들 밥그릇 빼 없는데 왜 패해 의식이 잘해요
287,자꾸 회초리 거린데 사랑의 회초리 아니라 응징의 철퇴라고. 맞고 반성하라는 게 아니라 처맞았으면 가만히 누워서 일어나지 말라고 ㅋㅋㅋ
288,최진봉 배종호 김성환 박창환 김광옥 대표적인 어용 평론가들입니다. 이것들은 죄 다 퉤 출시 켜야 합니다.
289,변호사 누나 왜 캐 화났음 크크크 맘에 드네! ㅋㅋㅋ
290,최진봉 크크크 전지현 변호사 시원하게 말 잘한다.
291,전지현 변호사님 폭주해버리시네! ㅋㅋㅋㅋㅋㅋㅋㅋㅋㅋㅋㅋㅋㅋㅋ
292,345 전지현 변호사님 폭주 기관차 진실을 들이대 제압 헤으응
293,"전지현 변호사, 요점정리 깔끔하게 잘 해주셨습니다."
294,3년 만에 민심이 뒤집힌 것보다 3년이나 헤 먹었는데도 민심을 못 지킨 거 ㅋㅋㅋ
295,진본이 부들부들 떠는 거 보는 낙으로 산다.......................! 아이 조 ㄷ ㅏ ㅇ ㅏ 조 다!!! 부들부들
296,323 메이플 왕 토 아닌가? 메이플 간담회 가서도 운영진들 개박살 내고 왔는데 여기서도 그저 빛이 나네
297,국 힘 뭐 하냐 전지현 변호사님 영입하지 않고
298,아 뭐 하냐.... 왜 또 한쪽에 몰아주는데 다른 당도 많잖아
299,어휴 이젠 마스크 끼고 인터뷰한다는 거부터 좋아 보인다 야 크크크
300,성공회대 교수.... 똥 씹은 표정이네.... 어떤 성향의 인물이지 그냥 알겠네…….
301,이렇게 말아 먹기도 힘든데 다른 의미로 대단하네! ㅋㅋㅋ
302,성공회대는 머냐... 괜히 나와서 그 학교 학생들 더럽히지 마라
303,편 갈라서 표 얻기 실패 다음 계획은 뭔가요??
304,도쿄 밖 또 야스쿠니가 서 기도하겠네! ㅋㅋㅋ
305,320 메이플 왕 토 갓 토 황토 광개토왕 아님!?
306,그놈이 그놈이다... 잘해서 찍어준 건 아니다
307,"이걸 이 지경까지 만들고 나서야 회초리니, 뭐니 진작에 잘 좀 해라"
308,더 부러 공산당 백 년 집권한다고 처웃더니만 꼴 좋다
309,생활용품 플라스틱 침구류 매트리스 외 다이소 제품 등 유해물질 검사 좀 해보자 건강에 치명적인 물질 있는 것 같다
310,520 눈 돌아가는 거봐라 대본 읽고 있는 거 티 나네. 크크크
311,전지현 변호사님 영화배우 전지현보다 더 아름다우시네요. 존경합니다.
312,솔직히 이쪽이나 저쪽이나 이 꼴이긴 한데 그냥 반항하는 느낌으로 찍음
313,아하 인물이 없다. 인물이 없어 확 휘어잡을 인물이 나와야 하는데
314,금도끼를 줬더니 금도 끼 안 팔고 진짜로 나무 패고 있던 민주당 십 크크크
315,똥이랑 똥 맛 카레라가 둘 중 처먹어야 한다면 그래도 동 막 카레가 낫지 않겠냐? ㅋㅋ
316,어떻게 한 구에서도 못 이기고 다 털리냐 크크크
317,탄핵당한 당 때문에 반 사로 이익으로 개꿀 빨아서 떠먹여 줘도 이렇게 트롤 해서 다시 뺏기게 생겼네! ㅋㅋㅋㅋㅋ 존 나 웃기네
318,오세훈 ㅋㅋ 되자마자 거리도 기. 크크 개짓거리
319,없으면 없는 대로 산 다 재난지원금 돈은 돈대로 벌고 재난지원금 다 챙기더라
320,오후 그래도 올 빨강은 좀 아닌 거 같은데 하긴 ㅂ 웃은 어휴….
321,너희들 수년째 똑같은 패널들이랑 똑같은 앵커도 갈아보자.
322,재난지원금이 최근 대표적. 사탕 주나? 살리려는 게 맞는가.
323,우리가 호랑이고 자기들이 사육사라고?? 기분 나쁘노
324,"옛날에는 허 경영이 뽑힐 일 없다고 웃었지만, 이제는 봄 할 거 같아서 웃기네 크크크"
325,크게 나대지만 않으면 민주당 스스로 무너지니까 이 김. 진짜 이 겼네?
326,이제 민주당 뽑으면 그냥 뒤지고 싶다는 거로 보면 됨
327,표 줘도 몸만 사리고 일을 안 하는 데 누가 표 줄까? 처럼 회 외엔 일들 안 하드만….
328,만날 데모만 하던 새끼들이 뭘 안다고 깝죽거려 ㅋㅋ
329,김영선 111111111 김영춘 1111111111
330,흐린 물! 워치하게 한 번을 쪽팔리게 전문가라 하지 마라
331,민주당은 애초부터 네거티브로 전략을 세웠다고 본 다 내세울 게 없으니
332,이택수 대표... 본심이 무언지... 점점 우로 가시네요... 흐름 타시는지... 휴….
333,이택수 빼시죠. 주진우 라이브!! 택수는 턱도 없네요
334,YTN 이택수 나와서 민주당 열라 까던데 왜 부르나?
335,구라 미터 애와 회색 박쥐도 넘다 틀렸다. 에라….
336,여기가 공작소인가 주진우 비자금 몇백조 찾았나?
337,흐린 물 님.. 차라리 국 심당 대변인을 하세요. 뭔 전문가가…. 에 유
338,끅 승리하소서 그래야 대한민국이 잘 돌아가리라 미드였습니다. 꼭 승리하소서
339,이건 진심이 네 떠시는 거 봐... 숙대에도 저런 인재가…….
340,숙대에 계실 분이 아닌데 저런 귀하신 분을 ㄷ
341,숙명이 갓... 그동안 오해해서 미안합니다. 숙건 동 홍
342,저렇기 이용당하는 거 보니까 보기 좋네! 더해라
343,오세훈의 망언 용산참사는 임차인들의 폭력적 저항이 원인이라고 망언함.
344,저 애 돈 받고 아르바이트하는 거 같다... 60년 전 수구 골통 프레임에 갇혔네
345,말 더듬는 거 보면 자기도 최소한의 양심은 있는 모양이다.
346,"색깔 빨강만 아니면 ㄱ ㅊ을 것 같은데 하 색깔 가지고 아저씨들 뭐라 함 빨갱이니, 뭐니"
347,가자 이기자 물리치자. 억지 생떼 쓰는 영서니 납작 엎드리게 만들자
348,천지개벽이 없는 한 오세훈이 15 차이로 승입니다
349,용기 있고 멋있다. 맨 마지막 멘트 울림이 크네요.
350,문재인 체포 백악관 청원 참여 바랍니다. 5월 23일까지 참고 회신 메일 오면 confirm here 클릭 완료
351,젊은이의 훌륭하고 용기 있는 연설에 박수를 보냅니다. 힘내세요!
352,고맙습니다. 부끄러워 눈물이 납니다. 어떤 방식으로든 할 수 있는 일을 찾아 행동하겠습니다.
353,얼굴 모자이크 처리해드려야 할 것 같습니다..
354,짝짝짝 짝짝짝 짝짝짝 짝짝짝 짝짝짝 짝짝짝 짝짝짝 짝짝짝 짝짝짝
355,이제 마나 포션이 성능이 왔다 갔다 하니 빨간 포션에 손이 가지
356,25살인데 내 친구들 8명 전부 오세훈 뽑음 크크크
357,국 힘 당이 좋아서 몰 표준 게 아니란 걸 깨닫길 바랄 뿐... 제발 똑바로 했으면
358,멀쩡히 있는 전철 지하화시켜버린다는 누구보단 낫지
359,안돼 ....! 조선인의 안락사……. 아직 달성하지 못했다고
360,걔나 쟤나 그 자리에 앉아서 자기가 한 말 지키는 ㄴ을 본 적이 없어
361,실 찬끼리도 안 뭉치는 새끼들이 처음으로 뭉쳤다. ㅋㅋㅋ
362,오세훈 좋아서 뽑은 거 아니야 그냥.... 폭탄 피하기였어
363,긴장해. 이번엔 70이지만 다음엔 8090이니깐
364,제발 문 그가 재평가받는 날이 안 왔으면 좋겠다.
365,꾹 힘이 잘해서 뽑힌 건 아니다 지나가던 일반인
366,꾹 힘이 잘해서 표준 거 아이다 잘해라. 크크
367,진짜 적당히 했어야지 ㅋㅋ 이제 끝이 다 언니들아
368,74%가 놀라운 거보다 25%가 저거에 표준 게 더 놀랍다 제기랄
369,"오 제목 하나로 성별 가르기, 나이 가르기도 하네 대단해 SBS"
370,우린 노예가 되지 않는다. 대한민국의 주인이 될 것이다
371,탄핵 코인으로 뜨자마자 바로 망하네 대체 얼마나 못했으면
372,한강이 파란 걸 보니 민주당도 가능성이 있네요. ㅋ
373,무조건 여소 야대로 가야 함. 어느 한쪽에 몰아주면 개판 친다.
374,3년 만에 뒤집어지는 민주당이 어떰의 미로 대단하다
375,몰표 당할 만하지 그동안의 개짓거리를 참고 살았는데…. ㅉㅉ
376,오세훈 몰표 아닙니다. 저 안철수인데 오세훈 찍은 거입니다.
377,민주당 뽑았던 새끼들 ㅈ 잡고 제대로 반성한 듯
378,조만간 국 힘 당이 더욱 무능한지 깨닫겠지.. 그리고 아 제기랄 다 거기서 거기구나 하겠지
379,어르신들 틀 딱 맞니 뭐니 놀려도 짬은 무시 못 한다. 역시 민주당은 아니야….
380,더 찍어야 한다. 72 퍼가 뭐니 92까지 찍어버리자 민주당은 내 평생 다시는 안 찍는 다 퉤퉤퉤
381,국 힘 당이 좋아서 뽑은 게 아니다 ㅋㅋ 민주당을 안 뽑았을 뿐이지
382,멋지십니다. 변하지 않고 잘 하시리라 믿습니다. 건강하세요
383,오세훈 아저씨 당선되니까 조금 숨통이 트이는 느낌이 듭니다. ㅋㅋㅋ
384,합리성에 바탕을 둔 질긴 싸움이 큰 산을 움직입니다….
385,이렇게 추운데요.... 종이 TV여! 그대들이 계심에 든든합니다
386,반드시 진실이 밝혀지길 기도합니다.. 힘내세요!!!
387,"종이 TV가 끈기 있게 싸워 우리는 꼭 승리합니다! 고맙고, 든든합니다"
388,종이 님 추운데 고생하네요. 진정한 얘 국자네요
389,깃발 든 친구들 힘내세요. 원정대 친구들 힘내세요
390,든든한 종이 원정대 목도리 하시고 장갑도 끼시고
391,"마트에 삼림 빵 세일하더군 요 구매하지 않았습니다,, ㅋㅋ"
392,117 Best Darting Click cams. dow load z.to DNA 1618964635
393,진 교수는 시 정하라 진 교수는 우파도 중도도 아니다.
394,진중권은 송지선 아나운서한테는 사과 언제 하나요?
395,"AI, 이 직업 대부분 다 뺏어가는데 AI 번역? 쪽으로 일하라는 게 조언이나 링 크크크"
396,한쪽을 일방적으로 두둔하고 다른 한쪽을 철저히 외면했으니까 극단적으로 갈리는 게 이 상하지 않지.
397,15는 그냥 믿고 거르면 되는 거 임. 크크크
398,140 이 분 간접 패니 인증해버리셨는데 괜찮으려나
399,142 눈 뜨고 있는 거? 아니면 감고 있는 거?
400,이러니 기자가 욕먹지 중요 포인트를 빼버리고 어휴
401,그래 잘했다고 봄 든 데 나중에 후회 안 할까!!?
402,ㅋㅋ 윤지선이 하나로 스노볼 뒤지게 굴러가 게네
403,와 왜 갈렸을까? 모두가 아는데 모르는 척하는 건가? 누구한테 물어봐도 두 개의 답밖에 안 나왔던 데
404,어쨌든 다채롭게라도 이번 이상은 좀 잘했으면 좋겠다 어차피 망한 대한민국이지만 흠….
405,난 깨어 있는 72%보다 머가 리 박살 난 28%가 더 놀라울 따름 ㅋㅋ
406,이렇게 다른데 어떻게 결혼하고 애 낳고 살겠냐? 크크크
407,"그거 눈 좀 뜨고 인터뷰하시지, 졸리면 인터뷰하지 말던 가 크크크"
408,여 패마 등 챙기니 화가 나자 날만 하지 않냐???
409,결혼 안 하고 애 안 낳고 혼자 사는 게 요즘은 편할 듯 애 낳으면 생활비가 거기 다 들어갈 텐데
410,"남 vs 여? X 남 vs 위 마들, 여 씨 O"
411,ㅁ 다 북으로 보내면 안 됨?? 사상 잘 맞는 거 같은데
412,아무리 그래도 인터뷰할 때 눈 감고 인터뷰하는 건 너무 하네요
413,이런 두 당 싸움이 싫어서 아예 다른 당 뽑았는데
414,MBC 요즘 젠 더 감성 자극하는 것 같은데...
415,"난 다른 부분에서 더 놀랜 게, 허 경영이 3위던데..?"
416,암탉에게 지배당하느니 강력한 수탉에게 지배당하는 게 낫다
417,뭐라도 하나 이 겼다는 것을 찾으려고 애쓰네! 역시 MBC….
418,메가를 을 봐라. 제께 저쪽 실체처럼 보인다... 희망이 있겠냐 ㅋ
419,감성팔이와 쇼만 할 줄 아는 민주당에 표 주기 싫음
420,개박살 나도 반성을 모르는 만 무 당과 머 깨문 ㅋ
421,오세훈 쪽이 유권자가 훨씬 많네! 참 걱정이네
422,"현장에 가봐라. 5세 후니, 전광훈 극우다. 진짜임"
423,태극기 할아버지랑 엮지 마라 전혀 다르다고..
424,ㅋㅋㅋㅋㅋㅋㅋ 할아버지 따라간다고 프레임 씌우는 거 봐 ㅋㅋ 하여간 프레임 못 잃어
425,할아버지를 따른다고?ㅋㅋㅋㅋㅋㅋㅋㅋ 제목 누가 짓냐
426,할아버지 따르는? ㅋㅋㅋㅋ 방향 같다고 같은 편인 줄 아네
427,섬네일 뭐냐..? 할아버지 따라오너라 그거냐??
428,할아버지 계세야... 손주가 나온 것이 다 할아범 진 조상이 다 할아버지 삶이 진짜다
429,제목 단 꼬락서니 보소 ㅋ.. 아이고 기자들도 다 깨져가지고
430,"40 대 60, 70대 욕하는데 결국은 자기들 부모님들임"
431,할아버지 따라간 다 인정 ㄹ 크크크 너넨 할머니 따라가냐?
432,민주 꼴통 당 패널 저인 간 좀 안 보면 좋겠네요
433,할아버지를 따르는 게 아니라 상식적으로 영선이를 뽑을 순 없잖아?
434,패널들 이런 상황에서도 누구 눈치를 보는지 말조심들 되게 하네
435,주영진 앵커 중앙선관 회의 행태를 주제로 한번 해봅시다.
436,도로 주차 정비 좀 해주세요. 정말 위험하고 심각합니다.
437,무슨 할아버지를 따라 ㅋㅋㅋ 아직 덜 깨졌네! ㄷㄷ
438,할머니 고 할아버지 고 성별이 중요하냐? 크크크
439,큰 제목 봐라. 일품이 네 할아버지 따라 인정 ㄹ 크크크 ㅌ 역겨워
440,할아버지 두 분 다 돌아가셨는데 패드 입술 먹은 거 맞지?
441,와 제목 실화냐 SBS 너무 한쪽으로 편향된 거 아니냐 ㅡㅡ
442,아니.. 할아버지가 우리를 따. 르.는. 거. 다.
443,역시 민주당은 편 가르기를 개 잘 함 ㅅㅂ ㅋㅋ이젠 연령대로 편 가르네
444,성추행 당 출신들이 물러가고 상식적이고 정상적인 사고를 지닌 분들이 국정을 운영하는 게 옳습니다…….
445,할아버지 따른다는 식의 진영 논리로 접근하는 게 상당히 아쉽네요
446,어르신들. 태극기 들고. 대한민국. 공산주의. 안 된다고. 자식들. 손자들을 위해. 외쳤는데. 이제야. 눈을. 뜨네요
447,젊은이들이 자기 권리를 찾는 행동이죠.. 할아버지들도 다른 대안이 있다면 했겠지... 민주당이 너무 최악이라 이러지….
448,제목 조같이 도 지었네! 어 그로 좀 하지 마! 크크크 민주당 개임?
449,기사 제목이 신고감이다. 너무 증오 악의적이지 않습니까?
450,민주당 나팔수 저거 진짜 disgusting 요즘 s 본부가 일 좀 하는데 저런 나팔수들 좀 부르지 마라. 링 disgusting
451,"정말, 이 준석과 윤미향 토론 한 번 하면 시청률. 대박 나올 거 같다 ㅋㅋ"
452,권태웅 꾹 힘에 힘 실어주니 진짜 든든하네. 크크크
453,파리가 앞발을 싹싹 빌 때 때려잡아야 사직이 바로 선다.
454,"토론 보면 1, 2번 중의 한 명 뽑을 수밖에 없었어요...."
455,이런 식으로 가서 더 민주 공중분해 돼야 한다.
456,민주당이 이렇게 판을 못 읽는 당이었냐. 내 그동안 표가 아깝다.
457,결혼을 못 하는데 어떻게 애를 돌보죠? ㅋㅋㅋㅋ
458,창조 보육이냐? 낳지를 않는데 보육은 무슨 보육 크크크
459,그래도 저 민주당 친구는 전에 어리바리 아재보다는 낫네 ㅋㅋㅋ 그 양반은 어.. 저.. 그.. 하다가 토론 끝냈었는데 ㅋㅋ
460,ㅋㅋ 패인을 찾아간다고?? 다 아는데 모르는 척하지 말자
461,국 힘 당이 좋아서 찍은 거 아닌데?? 그다음 악을 선택한 건데??
462,저런 게 민주당 대표란 다 크크크 아 참 민주당이지
463,그래 민주당 계속 일관성 있게 행동해라 평생 너희들 뽑을 일은 없게
464,민주당 저 형은 변호하는데 하늘을 우러러 안 부끄러울까?
465,강의 고만 하세요. 전 저 새끼들이 늘 우물 안 개구리였으면 합니다
466,이 악물고 모르는 척하는 민주당 패널 역겹네. 크크
467,민주당 아무리 싫어도 국 짐당 은 아니잖아.?
468,하에 에는지도 뱉어 버릴 썩은 고기 같은 것들
469,영선아 그냥 출마를 포기하고 야스쿠니 신사 참배나 해라
470,ㅋㅋㅋ....... 깨소금 맛이다. 그 주둥아리 이참에 아주 완벽히 갔으면 좋겠다.
471,415. 기존 독자 유통 일당 비례대표 표가 한 표가 안 나왔다니!
472,415. 기존 독자 유통 일당 비례대표 표가 한 표가 안 나왔다니!
473,각설이 약장수 민주당 말발은. 독약 묻은 화살. 귀 막고. 피합시다…….
474,사관생도 장래가 촉망됩니다. 믿음직스럽습니다.
475,김태년... 얼마나 피곤하면...... 나도 땅 보러 다니면 피곤하데…….
476,영선 박 김종인 말대로 하늘의 큰 별? 이 되려나?
477,김종인은 4월 8일에 집에 안 가나요 가기로 했잖아요
478,아이고 부탁할 걸 부탁해야지 유 가진 것 하나 없는 이한테 뭘 내놓으란 말입니까? 그저 허수의 아비일 따름입니다
479,유세 안 해도 이긴다... 사전트 표 3일 하자…….
480,6.25 안 겪고 일제 식민지 안 겪었어도 다 압니다. 귀와 눈은 장식품인 줄 아는지….
481,47일 가까워지니까 확진자 숫자가 점점 증가하여 가는데 얼마까지 올라가나 보자
482,영선이 도쿄 집 팔고 중소기업으로부터 받은 후원금으로 씹으니 만 원씩 주면은 1표 줄게
483,꾹 힘과 재창당하면 되죠. 제삼지대로 남지는 않을 겁니다.
484,"정청래, 설훈, 홍익표, 안민석, 김남식 말 종 5인방"
485,김무성 이재오 김문수 유승민은 당을 떠나고….
486,김태년 이를 숙청해야 한다. 이런 건 아닙니까? 왕이 연설하는데 졸았다. 북한식으로 한다면 반듯이 숙청 감 이 아닌가 싶다. ㅎ·ㅎ.
487,김정은 하면 눈을 부러워 뜨고 생생할 거 다 개작들
488,김종인 비대위원장은 제삼지대에서 활동하면 망한다.
489,생긴 대로 논다는 옛말 딱 맞아요. 악독 추악인 상말 채널 돌려보기 역겨워요
490,AZ 맞아라…. 쇼 한 번 더하지 AZ 운주사 바늘만 꽂았다 빼는 거 아닌가?
491,사관생도 훌륭한 분입니다 문 재인은 사관생도 절대 건들지 말라 만약 건드린다면 그때는 끝장날 것이다
492,억지 참석에 꾸벅꾸벅 졸다니요. 북한 같으면 총살감입니다.
493,윤호중 법사위원장? 막말의 대가이구나! 참 한심한 더 부당이다.
494,"김종인, 윤여준 성공 예가 없다! 윤 총장이 그 길을 택한다면 노회찬 책사들의 희생양이 된다!"
495,윤호중 네놈이 쓰레기지 오세훈이 왜 쓰레기냐.
496,마포 시라니? 뭔 말인가? 정청래.. ㅋㅋㅋ 웃기는 새네.
497,기종이 ㄴ 이를 믿지 마시기 바랍니다. 민심의 거부감이 너무 큽니다
498,민주당 쓰레기 먼저 지우고 남의 쓰레기 치울 걱정 해라 그게 순서가 아니냐? 지나가는 개도 웃을 일이네
499,조 단형 양아치 아닙니다!!! 흐흐흐 정말 의리 남입니다!!!
500,시원하게 팩트를 잘 짚어주셔서 고맙습니다. 수고하세요
501,추천해주신 ACE... 진국이네요... 감동하였습니다.
502,망국 퀴즈.. 처음에는 뭐 저런 작자가 있을까 했는데... 이젠 귀엽다... 아이 같아….
503,뭘 해내 ㅋㅋ 펨토에 좌표 찍다가 차단당했구먼
504,도둑 강도에게 잡아도 되냐고 묻고 잡으려는 엄중 협 추 민주당
505,최저임금은 9급 공무원의 급여보다 높아야 한다.
506,이런 건 그냥 왼손이 한 일을 오른손이 모르도록 하라 듯이 조용히 넘어가면 더 좋을 듯한데…….
507,이낙연 조웅래 조응천 백혜련 이 모든 수박 패 대기 쳐야 합니다
508,민주당 내 수박들은요? .. 너무 많아서 암울합니다.. 여전히 헛다리를 짚는데….
509,더불어민주당이 더 강하게 나가라는 것이다. 협치하지 않으면서 오만하지 않게. 폐 미니쯤과도 손절매하고….
510,옷 세 발이 생떼 때 탕이란다.. 지도 아네! ㅋㅋ
511,성일종 성완종 씨 얘도 좀 데려가요. 해충이에요
512,김태현 변호사 때 메 옮긴다. 이건 뭐 말투 자체가 짜증 나네…….
513,썩은 나무 찍어내라고 도끼 180개 줬더니 그 도끼로. 밭 갈고 있는 민주당…….
514,갑자기 35년 만에 ㅋㅋㅋ 미친 박자기는 12년 아니냐? 윤건영 개그맨
515,국 짐과 성완종이 야는 진짜 한심한 논리를 펴고 있다! 앞뒤도 안 맞는 논리!
516,"민주화 운동 ㅇ 자리 하는데 막상 진짜 민주화 운동 하신 60, 70대분들은 민주당 안 찍음."
517,크크크 정작 가려운 부분은 이 악물고 안 긁고 주변만 벅 벅 벅 긁는 거 봐라. ㅋㅋㅋㅋㅋ
518,최선이 아니면 그다음 악을 선택해야지 밖으로 나온 것들이 다시 숨어 버릴까 겁난다.
519,"왜냐고? 똥 맛 된장은 먹어 봤지만, 된장 맛 똥은 아직 안 먹어 봤거든 이번 기회에 실컷 먹으라 유. 크크"
520,얼굴 가렸는데 얼굴이 상상돼. ᄏᄏᄏᄏᄏᄏᄏᄏᄏᄏᄏᄏᄏᄏ
521,너희들이 뭔 짓을 했는지 진정 모른단 말인가?
522,국 힘 잘할 거 다 기대해라! 벌써 뻥뻥 터지고 있지?
523,맞아요. 뚜렷한 공평의 징후가 아니라 또 다른 어설픈 특권 계층이 형성되어가는 것을 느꼈을 뿐이죠
524,빨간 게 좋아서 예뻐서 뽑은 게 아니다.. 너무 좋아하지 마라…….
525,솔직히 패니 때문이지 크크크 조선은 아직 멀었다.
526,북한에 신경 쓸 동안 자국은 신경을 덜 쓰게 된 건가…….
527,성가를 등이 1순위 다 무신 다른 게 먼저라고 쯧쯧쯧
528,물에 빠진 미친 개를 건져서 살려주다니 이제 물릴 일 만 남았습니다.
529,빨간 당은 다를 거 같냐!! 그놈이 그놈인 것을….
530,홍준표 유승민 유석렬 안철수 다 좋으니까 민주당만 막자 제발 하 단일화하고
531,세균이 쟤는 왜 있냐 크크크 낄 갭은 되냐 크크크
532,애초에 문재인 뽑은 적도 없는데…. 이번엔 제발 민주당 되지 말 길
533,문재인 너의 죄를 어찌 용서할 수 있겠느냐 뿌린 대로 죗값을 배로 쳐 되돌려 받으리라.
534,유승민이 자가 오세훈 운동 참가했지 이런 자를 참가시키지 말아야지 배신자 제거해야 해요 ㅡ이자 매장을 해야지
535,"승만이, 무승이 같은 자들은 입에 올리지 마시오, 인 면 수심이라는 말도 못 들어봤소?"
536,고집 좀 센 거 봐 크크크 무인점포 하면 어째서 일자리가 안 주는 거죠??
537,어차피 지도 안 될 거 아니까 막 던지네. 크크크
538,나 고시생인데 생태탕 먹으려고 16년 전 기억까지 떠오르게 하는 기적의 총명 탕
539,김대업 윤지오 생태탕 이런 기획 공작을 뿌리 뽑을 수 있는 건 이번에 김어준 생태탕 모자들을 철저히 수사해서 죗값을 받게 해야 한다.
540,김대업 고영태 윤지오 생태탕 언제까지 더 어질까
541,썩은 나무는 밑동까지 잘라버려야 된다. 그리고 새로운 나무를 심어야지
542,내일 저녁은 생태탕 한 그릇 먹어야겠다. 크크
543,"와서 복부를 아시나요? 오,, 세훈을 서, , 울로 박,, 형준은 부, , 산으로,,, 오서 갑부, , 사자성어를 널리 널리, ,!!!"
544,한명숙 청 발라 먹던 폼 돌아왔다. 결국 이겼다 왕 세훈
545,하늘도 땅도 아는 진실을 왜곡하는 직권자들은 자식들에게 사죄할 날이 오겠네요
546,내곡동이 어딘진 모르겠고 생태탕 맛집 추천 좀
547,"트집 잡을 거. 없으니까.. 15년 전. 생태탕…. 기억녁, 좋으십니다"
548,우리 세훈이 형 좋겠네! 이번에도 돈 좀 벌겠네
549,동태 집 모자도 뒤졌다 생태로 속여서 팔아 처먹더니 망했구나! ㅋㅋ 하하
550,"36억 5천만 원 보상금, 16년이 아니라 160년 전이라도 기억하겠다!"
551,쌩 때 탕아 파트 반값 준다고 십억이면 오억에 준다고 내곡동 쌩 때 탕도 상 땅 36년 전 가지고 쌩 때 땅 내곡동
552,뒤집기? 크크크 문재인 안경 거꾸로 뒤집어씌우는 게 더 쉬울 듯
553,아무튼 국 짐당 이것들은 입만 벌리면 수작질 쯧쯧
554,문재인 실정에 대해선 말도 안 하네 일부러 생태로 얼버무리네
555,와 아예 피하시고 정말 똑바로 핵심을 파악하시네요!!!
556,문재인이 만들어 놓은 당헌 당규를 자기가 쌍 글이 뭉갰지요
557,노원구에서 당선되면 강남에서 3선 하는 것보다 압도적으로 입지 올라갑니다. 분명히 될 거예요. 형
558,??? 당신이 해고되면 우리 전부가 살 수 있다는 말에 누가 동의해주겠어요.
559,시 사건 건넴 시원하게 까주십시오. 민주당 변해야 삽니다. 엄중은 몰아내야 합니다.
560,속이 다 후련합니다. 네가 하고 싶은 말 다 해주셨네요. ㅡㅡ
561,참패한 것을 달게 받아 들어야 합니다. 각성해야 합니다
562,아진 따 속 시원하다 아 진짜.. 아 개 사이 다
563,수박들 찾아냅시다. 너무 화가 납니다!!! ㅂㅅ같이 뭐 하는 거냐고!!!
564,"진짜 답답해서 여기저기 계속 클릭 잘했는데 진짜 시원하네요. 명쾌하네요, 진짜로 제대로 바뀌었으면 좋겠는데 제발…."
565,한숨만 쉬다가 하고 싶은 말 다 해주니 속이 시원하네
566,속이 다 후련하네요. 스트레스 때문에 요즘 밤마다 맥주 마십니다
567,홀 수 형 요새 뭐 하고 사시나 궁금했는데 잘 살고 계시네요. 게임 판도 가끔 들러줘요. 그래도 형 근본은 게임 돌이니까 ㅋㅋ
568,옛날 나게 홀 수 형 맞음? 추천 떠서 들어왔더니 여 기계셨네! ㅋㅋㅋ
569,암탉에게 지배당하느니 강한 수탉에게 지배당하겠다.
570,이 분이 진짜 네... 저와 연령이 비슷한데 눈이 맑으시군요
571,아파트 가격 정상화 실패는 치명적인 실패라서 이번 재보선은 아무리 기를 써도 안 된다 했어요.
572,난 번갈아 가면서 여기 찍고 다음에는 저기 찍는데 ㅋㅋㅋ
573,물에 빠진 미친 개를 건져 준 대가가 어떤지 곧 맛보게 될 것이다.
574,좀 늦지 않았냐? 취임 후 3달 만에 손절매함
575,윤 뒷배를 처단 못 했던 것이 최대의 패착이었소.
576,나한테 줘 봐라. 탓 안 하고 바로 바꾸게 능력 없으면 하지 마라
577,180은 조기 대가리 수냐? 일도 안 하고 세비만 축내고 자 빠졌어요.
578,잘 들었습니다. 민주당 이것들 정말 어휴 111
579,우리가 비판하면 무시하고 갈라친 기한다고 몰아붙이고 남 탓만 하다가 진 거죠
580,우리 자랑스러운 유 튜브들께서 민주당을 비판하며 제대로 된 민주당으로 만들어 내야 합니다
581,일자리도 아주 고급으로 23배 늘어나겠죠.. 잘해보세요
582,엄중히 아저씨.. 제발 바보짓 좀 하지 맙시다….
583,민주당 너희들 한 번 혼날 줄 알았다 진짜 암 걸릴 뻔. 크크크 각성해야 한다 너희들
584,김빠진 사이다!!! 민주당 김빠지고 맥 빠지고. 이젠 제대로 해서 한 번 더 힘내시길 법대로 오세훈과 박형준 집어넣어 할 일을 해라
585,엄중히 와 수박 들을 쫓아버려야 합니다. 갈대가 없으니까 가면을 쓰고 게기니
586,옳아서 민주당 내 적 패들 제명 시켜야 한다.
587,18 cams. xyz DNA 1617942676
588,시 사건 건 존경합니다. 추미애 장관님 존경합니다. 조 국 장관님 존경합니다
589,꾹 짐이 못해서 민주당을 뽑았는데 민주당 자기들도 똑같이 하고 있음
590,민주당 반성해야 합니다. 속 터질 때가 점 말 많았거든요
591,전광훈의 팬티 공장이 돼 깃 군.. 광화문.. ㅋ
592,전화위복이다. 강한 민주당만이 대한민국이 살길이다
593,이 또한 국지 마당이 심어 놓은 심리 공작부대들이 갈라치기도 하여 양극화를 만들 목적으로 각종 커뮤니티에서 교묘히 자극해서 벌어지는 겁니다.
594,나 경이 세히 대표 잘할 때 뭐하고 자 빠졌다가
595,민주주의가 쉽게 오는 게 아니다. 몇 명 또 죽어야 소중함을 알지. 미얀마처럼 안 죽은 걸 다행으로 알자
596,그냥 일 베게 대 아이들 그 이상 그 이하라도 아님
597,시 사건 건의 예리한 판단이 민주당에 제발 약이 되길…….
598,예방에 재가 됨..? 재 전에 그 미친놈 아닌가..? 방귀 피하려다 똥 맞아봐야 알겠네
599,이번 승리는 6·25 때 부산만 빼고 적화된 공산 치하에서 인천 상륙작전이 성공한 느낌이다
600,유상급식으로 뒤통수 당해 봐야 알지 영 돈 없는 학생들 서류와도 밥 먹기 어려워야 아.. 민주당이 나았었네 하지.. 유상급식 다시 해봐야 해….
601,꾹 힘이 잘해서가 아니라 민주당이 너무 심각하게 못 해서 크크크
602,한 자릿수 박빙 승부 크크크 에 라에 웃음밖에 안 나온 다 ㅋㅋㅋ
603,이번 대 승리는 6·25 때 부산만 빼고 적화된 공산 치하에서 인천 상륙작전이 성공한 느낌이다
604,똥인지 된 장인지 먹어봐야 알겠지. ㅎㅎㅎ 먹어도 구분 못 하면 어쩔 수 없고 흐흐흐 이똥 냄새 흐흐흐
605,비난에 열광하는 젊은 피 이치에 밝아지길 바라봅니다.
606,어떻게.. 이럴 수가 있노.. 맨날 광화문광장에서 시 위하겠노….
607,민주당은 결국 다 알면서도 이런 불이익을 주고 있는 거네 너희들은 괘씸해서 안 되겠다.
608,뭣이라?! 김남국?! 군 복무를 ?! 전용기 ?! 군 복무를 ?! 최인호 ?! 관리를 ?! 잘 주목하라?!
609,올해 안에 GTA 사태 일어난 다 목 관리단 디 해라
610,용산참사 물난리 무서워서 살 수가 없습니다. 오세훈
611,뭘 했든 변태보다는 오세훈 낫지 변태랑 비교하누
612,오세훈이 아무리 개 같아도 만진 당 영선이 더욱 개 같을까? 싹 다 오세훈 뽑으라고 말함 수고
613,또 재개발로 해 먹고 싶다고 광고하는 거냐? 5세냐 진짜? ㅋㅋ
614,"mb의 신화를 다시 꿈꾸고 있는 v 세훈, 공약대로 정계 은퇴해야지?"
615,아무리 그래도 도쿄 밖이 아줌마보단 낫지 크크크
616,토착 왜 구 도쿄 밖을 뽑을 바에 오세훈을 뽑겠다.
617,사퇴하면 뭐 하냐 나중에 또 해 먹으려고 나올 텐데….
618,사퇴해도 또 친문 ㅋㅋ 그냥 a에서 b도 아닌 a 같은 제자리 사퇴 ㅋㅋ
619,왜 민심이 바뀌었냐면.... 너무 무능하니까요….
620,무어가 이런 개돼지 같은 상황이 되었는지 답답하다
621,적당히 했어야지 선을 넘어도 너무 넘었지 똥인지 된장인지 모르고 덤볐지!
622,물에 빠진 미친 개를 건져 준 과오를 범한 것입니다.
623,김종인 대단하다. 김종인이 안철수는 사이코래. 그래서 안철수는 아니다.
624,이낙연 때문에 민주당 망한다고 했잖아. 그리고 개미들이랑 손절매하세요.
625,아니 폐 ㅁ MBC 아아 아악 안 들린다!!!
626,언제까지 눈 가리고 귀 막고 버티나 보자. 크크크
627,"암탉에게 지배받느니, 강한 수탉한테 지배받겠다."
628,이슈 완전히 정복이라면서 제일 중요한 걸 정복 못했나 쯧쯧
629,젠더 이슈가 딱 답인데 애써 피하는 저 위선자들
630,"Premium Private Sex 18 cams. xyz ! 1, 1617879667"
631,오세훈이가 너희들 밥그릇 빼 없는데 왜 패해 의식이 잘해요
632,원인이 뭔지는 1년 동안 계속 모르고 있길 크크크
633,JTBC 너희들도 조만간 숙청 대상이 다 크크크
634,생활 때문이라고? 그거참 재밌는 이슈 같아요.
635,사는데 전혀 도움이 안 되는데 왜 뽑누 ㅋㅋㅋㅋ
636,그런데 JTBC는 박진성 시인한테 납득할 만한 사과는 했냐?
637,암탉의 지배를 받느니 사나운 수탉의 지배를 받는 게 낫다
638,솔직히 찍을 놈이 없어서 뽑힌 느낌이 당이나 저당이나 맘에 안 드는 건 똑같음
639,정답 국지 마당이 싫다. 하지만 더듬어 만진 당이 더 싫다…….
640,자업자득이지 너희들이 찍었으니 이러니저러니 왈가왈부하지 말길 너희들이 찍은 거 인정해준 다 민주주의니까
641,우익들 성별 갈라치기도 하는 거 잘 먹혔네. 크크크
642,민주화가 1997년? 전라도 인민 해방 일인가?
643,이 되어 주기를 바랍니다. 더불어 사는 대한민국 만들어 주세요
644,민주당 C8 양심 있어? 너네 4년간 먼 짓거릴 했는데 크크크 진짜 어 투구니까 없다
645,진정한 목사님이 시군 요 참신한 목사님이 시군요 존경합니다. 눈시울이 적셔집니다
646,계속 손바닥으로 하늘을 가려봐 이제 1년 남았다 크크크
647,이걸 이렇게까지 꼭지로 다룬다고? 미치겠다. 정말 맞는다는 소린데
648,애타 한 번만 봐도 느낌 팍 오는데 이 악물고 무시하네! ㅋㅋㅋㅋ
649,아니면 뭔가요? 그건 모르겠고 그냥 이건 아닌 거 같은가요? ㅋㅋㅋ
650,멍청이 엉망 진 창 이구먼 민심이 뭐인지도 모르는 데
651,찔리냐? 한번 가보자 엠비시는 없어질 각오해야 할 듯 아마
652,물타기 하지 마세요.. 그거 맞아요.. 우리 영선이는 참지 않기….
653,이 악물고 모르는 척ᄏᄏᄏᄏᄏᄏᄏᄏᄏᄏᄏ너네 끝났어 크크크
654,여기는 객관적인 정보를 전달하는 매체가 되길 포기한 건가?
655,개그도 항상 똑같으면 지루하다. 후 개콘을 이어서 같이 망하냐고
656,야 인천에서는 페리 모임 하면 200만 원씩 준다.
657,현생이 엉망이면 노력을 해라 악플러들아 불쌍하다….
658,아이고 기러기들이 또 기리기도 하네 용쓴다 ㅋ
659,민주당 너희는 뿌린 대로 거둔다. 두고 보자.
660,계속 아니라고 해라 눈 가리고 아웅. 크크크 절대 민주당 안 찍는다. 내 인생에서
661,계속 이렇게 해라. 다음 민주당 너희 자린 없어.
662,3차 토론에서도 불리해지면 기억이 없습니다. 몇 차례나 말했다.
663,윤 차장에게 끌려다닌 게.... 찐 ㅂㅅ 같았다.
664,"박 벼 후사님, 안 보면 안 됨 너다, 흐흐흐 긴 셈도,"
665,꼴통 꼰 데 vs 자기는 깨어 있는 줄 아는 꼰 데
666,민주당이 좋아서 뽑은 데 아니다 새누리당의 반작용으로 뽑았다
667,부산에서 너무 고생 많으시네요. 수고하셨습니다.
668,남는 돈이 아니라 빌린 돈일 가능성도 다른 연령대에 비해 더 높을 텐데.
669,제일 뼈저리게 새겨들어야 할 내용을 공유해 주셔서 정말 고 마비였습니다! 진행자님과 총괄님의 궁합이 돋보입니다.
670,센터장님의 긁어주는 질문에 총괄님의 깔끔한 답변 너무 잘 들었습니다.
671,왜 기관들은 개미가 사면 왜 팔기만 할까 봐 그 돈이 어디로
672,섬엘 제목을 not 자극적 but 구체적으로 해 주심 좋을 듯합니다
673,현재 상황을 보면 결국 총괄님 예견대로 상황이 흘러가네요!
674,올라도 내려도 신경 쓸 게 많은 투자 그냥 돈 버는 게 아니고요
675,"피와 살이 되는 조언과 가르침, 겸손과 품위를 겸비하신 모습이 좋습니다."
676,총괄님이 투자 조언하실 때 제게 하시는 줄 알았어요
677,"와... 통일부 장관이 빨갱이라니, 내일이라도 당장 통일이 될 거 같은 기분이에요."
678,결혼이랑 죽음은 미룰 수 있을 때까지 미뤄야지….
679,행복 가득 사랑 가득한 한 해 되세요. 코카콜 벗인 것 사드립니다
680,매입하려는 곳이 전용면적 29제곱 미터인데 입주권이 나올까요?
681,무주택자 소액 투자 내 집 마련 열 록 좀 주세요
682,교사에 땅 파면 문화재가 나온답니다. 비주택 입주하는 게 빠를걸요.
683,이번 건 웃음기 싹 빼고 봄. 참 안타까운 우리들….
684,나 혼자 산다에서 하석진 vs 김광규 두 형님이 몸소 보여주셨지….
685,847 진짜 채팅 창 자지러지는 거 봐 크크크
686,율 슈마 형은 줄타기를 참 잘해.. 왼손잡이인 듯 아님 오른손잡이인 듯 진짜 말 잘해
687,슈마 월드 90만 축하합니다. 아아아아 어차피 90만 곧 찍으니까 미리 축하 빪 빪
688,파루 한 번 달릴 거 같은데 다 같이 들어가죠!!
689,내 집 마련... 이루지 못할 꿈인 것 같네요
690,"공매도 금지해 놔서, 개미들이 투자를 늘린 탓이 제 공매도 다시 풀리면 바로 폭락…."
691,결국 메인 스트리트에 돈을 넣는 게 기본소득의 일종 아닌가…?
692,슈마 월드 1년 전에 한 창 아재들만 봤을 때도 대화창의 드립들이 나이대와 다르게 되게 재밌고 트렌디했었는데 요즘은 더 재미있네
693,화분에 물을 줄 때는 위에서 주는 거보다 아래에서 주는 게 좋지
694,훌륭하지만 돈은 없는 대학교 4학년 나 새끼…….
695,1시간 20분 역시 운동권 출신이 선동은 잘한다. 굿이네!!
696,파워볼은 진짜 도박인데 코인에 비교하는 건 좀 그렇지
697,너무 이 뻣세요! 보험 지식도 늘고 눈도 즐겁고 하하 구독 누르고 갑니다. 흐흐
698,역시 형님 깔끔하고 스무드한 간편 리뷰에 무릎을 '탁' 치고 갑니다
699,420 실내 등 led 옵션으로 달 수 있을 겁니다
700,실내 등 옵션 없으면 사서 달면 되죠 하하 야 그래도 약간 아쉽네요
701,높은 수익률에 혹하는 경우가 있는데 약관을 꼼꼼히 잘 읽어봐야 할 것 같아요
702,415 계속 외면하면 당신들은 또 질 수밖에 없습니다
703,실패할 기회도 못 얻는 게를 매나 서럽게 여….
704,종잣돈을 모을 때는 공격적인 투자가 아닌 원금이 보장되는 것으로 하고 자산관리 능력을 키우고 배우자와 소통하면서 같은 방향으로 가야 한다.
705,"부자가 되기 위해 부모, 배우자와 같은 강력한 우군을 가져야 하고 자신의 부의 마인드를 갇혀야 한다."
706,우리 아들딸 꼭 들으라고 가족 카톡 방에 보냈어요
707,요즘 등산에 빠져서 등산복 사고 싶어서 보러 왔어요!!!
708,뭔 정보??? 크크크 기능성이나 그런 거 말할 줄 크크크
709,"보컬 님 박 호두랑은 짜 빠구리 드시더구먼, 혼자 계실 땐 짜장면 드시네…."
710,보컬 형님은 저 짜장면이 콘셉트가 아닌 게 너무 웃김 크크크
711,전 인구에 보컬까지.. 유 튜브들 대단하다 ㅋㅋ
712,보컬 형님 젊었을 때는 정말 다른 모습이네요. ㄷㄷ
713,우리 보컬 김형준 형님 ㅋㅋ 짜장면 맛있게 드시네요. ㅎㅎ 양파 찍어서... 형님 존경합니다. 건강 잘 챙기세요... 그 와중에 맨발 크크크
714,보컬 님은 공중파에서도 솔직하고 소탈하시구나! 굿굿 하하
715,한 3년 좀 넘게 했는데 요즘 들어온 불개미가 진짜 너무 많다.
716,보컬 님 박 화두 찾아왔을 때도 짜장면 드시더니 짜장면 좋아하시나 보네
717,제발 천천히 부자 되자... 빠르면 탈 납니다. 한강 물차요
718,진짜 보컬 님 짜장면 진짜 좋아하시네. 흐흐흐
719,보컬 형님 왜 여기서 나와 시 부레 포 두련 불러
720,보컬 님 pd 수첩 나와서 짜장면 드시는 걸 보여주시네. 흐흐흐
721,"스마트 개미니, 동학 개미니 하고 부추기고 할 땐 언제고 걱정하는 척"
722,역시 보컬 형님 솔직히 이런 내용이면 박 화도 나왔어야지…. ㅋㅋ
723,60억 벌었는데.. 먹는 건 자 장면…. ㅎㅎㅎ
724,전 가진 돈으로만 하고 있는데 요즘 정말 두렵습니다. 빛 투하 시는 분들은 얼마나 무서우실까요…….
725,한 해 동안 얼마 벌었냐고 묻는다는 건? 기자 양반 당신 연봉 얼마인지 물어보면 기분 좋겠어요?
726,정말 하락장 오면 어쩐다느냐........ 빚지 재발하지 마시고 건전한 투자 합시다…….
727,올해 5월 전에 다 빠지고 나와야지 느낌이 쌔다 하락장 바닥에서 봅시다
728,쟁투로 길게 보면 망할 일 없어요. 허다 무리한 대출은 금물
729,"752 글렀다. 캔들 공부, 아이패드 필기…. 하 ㅋㅋ"
730,신용융자잔고가 바닥을 칠 때 망하지 않을 회사를 사면 오름
731,저기 여유 되시면 아이스크림 좀 사주세요. ㅠ
732,전 인구 강의함 들으러 갔는데 전 쓸데없는 내용만 말함 크크크
733,그럼 60억 벌고 소득세는 얼마나 뜯어가는지….
734,증시가 오르면 누구나 돈을 벌어 요 전문가 맞냐?
735,밥 먹고 온종일 가전제품 쳐다보면서 인생 조진 거처럼 평생 단타 치면서 수익률 올릴 거 아니면 하지 말아라
736,60억 벌면 뭐 해 혼자 짜장면 먹고 있네! 쓸쓸히
737,누가 빚내서 사라고 시켰냐 ㅋㅋㅋ 자업자득이지
738,보컬 형님 ㅜㅜ 돈도 많으면서 맨날 짜장면만 드셔 왜 ㅋㅋㅋ 개 웃기 네 크크크
739,다 종목으로 소액만 사서 1만 먹어라... 그래야 개미는 꾸준히 번다. 그래야 하락장도 견뎌낼 수 있다.
740,증시가 좋을 때 누구나 가 돈을 번다? 전 인구 누가 그래? 용 느는 그럼 왜? 돈을 몇억씩 까먹을까? 크크크
741,단기 매매를 하면 분명히 올라간다... 저기... 부엉이바위 쪽으로... 운지
742,편 가르면 빨갱이들 좋아한다 민주주의지 킵시다.
743,Wrong and ridiculous contents! This channel is contaminating Youtube.
744,ㅊ 산하 제 마라 우스워진다... 인구 감소 가증에….
745,부자 아빠 엄마가 자식들 영 끌 시키지 서민은 엄두도 구경만
746,국세로 개인에게 엄청난 출연료 지급한 TBS 사장도 구속하고 김어준 도 구속해야 한다. 그리고 TBS 지원금 차단해라
747,계약서 없는 위법 ?? 그간의 출연료 몰수하라!!!
748,나랏돈 잘 들써라 죽이지 않고 살리는 데 써라
749,재수 없는 자식 털이나 깍 꺼라 돈 벌려고…….
750,"김어준의 아호, 딜도. 딜도 김어준! ㅋㅋㅋㅋ…."
751,부산 한 번 내려와라 어죽아!!! 지근지근 밟아서 세리 주트 장터 트려 줄게.
752,김어준 발 뻗고 자야. 속이 시원하다. 흐흐흐
753,오네 게 풀 메 하니까 살짝 제니퍼 로렌스 느낌 난다
754,얘들과 편의점 샛별이 같은 일은 너희에게 일어나지 않아….
755,극한 직업 치킨집 샛별이 편의점 이태원 클래스 주점 사업
756,엠비시가 언제부터 편의점 광고 해주 없냐 크크크
757,편의점은 크크 샛별이가 올 확률은!!! 로 또 1등 확률과 같다!!!
758,편의점. . . 쉬는 날도 없고 존 나 많아 거셈
759,편의점 계약 시 넌 노예가 되고 돈은 최저 시급도 못 번다.
760,치킨집보다 편의점이 더 많은 것 같은 기분….
761,울 아파트 마트 편의점으로 바뀌고 나서 장사 전 잘 되는데
762,이상하게 내 주변엔 보통 13년을 못 넘기고 닫는 곳이 허다….
763,하지 마라. 진짜 이건 신종 인생 포기 법이다
764,편의점 하려면 한 45개는 오토매틱으로 돌려야 돈 되지!
765,"요즘 편의점 알바 안 쓰는 곳도 있고 대학로, 아파트 단지, 시 내빼고 웬만한 편의점들은 새벽에 문 닫습니다."
766,할 거면 토토랑 로또까지 팔아야 함 그래야 잘 되지!
767,편의점보단 차라리 커피 프랜차이즈가 새벽에 운영 안 해도 되고 해서 좀 더 좋을 것 같네요.
768,동네에 와플 체인점 내면 장사 잘될 거 같은데
769,저 나이 때는 똥인지 된 장인지 항상 먹어보는 나이지….
770,연말쯤 돼서 무더기로 폐업하고 땅 치고 후회할 텐데
771,"편의점이나 카페 창업이 너무 많음, 길 걷다 보면 편의점 카페 편의점 카페임"
772,솔직 하기로 우리 스스로 우리 턴으로 체인 점 편의점 하는 거잖아? 진입장벽도 낮으니 경쟁이 치열할 수밖에
773,직장 들어가도 갑질 심하고 돈은 적게 주고 일은 산더미같이 주지
774,저건 7.80년 데에도 많았다... 명칭만 바뀌었을 뿐.... 구멍가게
775,내 친구 편의점 창업했다가 빚 1 억지 고장 사 접었는데
776,우리 가게는 때 줄 거 다 때 고도 월 400 남는데
777,제발…. 편의점 하지 마세요. 돈은 돈대로 나가고 본사가 처먹을 거 다 먹고 우리는 고작 해봤자 몇 푼…….
778,공급이 많고 수요가 적으면 어떻게 되겠습니까????? 결국 몇몇 안 되는 곳 우 도태되고 없어지고 말 겁니다
779,장래가 암담 4차 산업 제대로 키우자 인재를 길러야!
780,편의점 4개 돌리고 있다 놀면서 한 달 420만 원씩 들어온 다 투자금 3억 2천 이상
781,안 그래도 과포환데... 나방이 불에 스스로 달려들었다 죽는 그런 거 비슷한 건가?
782,대가리가 나쁘고 연구를 안 하니 저런 것만 하려고 하네
783,편의점? 절대 성공 못 한다!! 본사만 돈 번다!!
784,편의점 아르바이트하다가 돈 벌어서 편의점 산 거냐
785,크게 보면 비즈니스에 뛰어드는 젊은이들이 늘고 있다는 거겠죠? 실패하는 것을 두려워하지 않았으면 하네요!
786,창업 왜 하냐 ㅋㅋ? 남 밑에서 최저임금 받으면서 일하세요. 제 발 ㅋㅋ
787,"이 시국에 편의점을? 크크크 아르바이트생이 더 가져가는데? 점장이 평일 오후, 주말 약간 뛰어도 답 없음"
788,"알바생들 최저시급, 주휴수당 다 챙겨 줄 거 아니면 하지 마라."
789,각자 수면 패턴대로 사세요. 그게 기적의 하루입니다. 수면 패턴 갑자기 바꾸면 면역력 급감….
790,휴일 영화 시청은 대낮에 소파에 가로누워 보다 가 잠드는 게 개꿀인 상황이지…….
791,자기계발은 무슨... 자살 안 하는 것만으로도 다행
792,언제 일어나느냐가 중요한 게 아니라 얼마나 그 시간을 알차게 보내느냐가 중요한 듯….
793,이젠 아침에 일찍 일어나기까지 해야 하나 ㅋㅋㅋ
794,결국 동일 시간 수면해야 하므로 밤에 엄청 일찍 자야 함 ㅋㅋ
795,아침엔 푹 자라 우울하고 기력 없을 땐 꿀잠이 보약이고 기적이다
796,퇴근하고 여유시간이 없으니 잠을 줄이는 짠한 코리안
797,나 미라클 모닝 해봤는데 확실히 그때가 무기력하지도 않았고 더 행복하고 하루가 알찼었음
798,크크크 마지막 담소 크크크 너무 웃겨요. ㅋㅋㅋㅋㅋㅋ친근ㅋㅋㅋㅋㅋㅋㅋㅋ
799,저녁 이 없는 삶이니까 새벽이라도 끌어 쓰는 거 같아서 왜 이렇게 씁쓸하냐….
800,전 도저히 안 되더라고요 그냥 늦게까지 뭘 하는 게 집중도 잘 되는지라
801,기적의 아침이고 나 발이고 하루 7시간 수면 보장되는 삶을 살고 싶다
802,"저녁, 이 없기 때문에.. 아침에서 자기 시간을 찾으려고 해요."
803,자기 몸의 리듬에 맞게끔 자고 먹고 일하고 쉬고 여가 생활합시다.
804,언제는 아침에 조깅하면 밤에 내려앉은 대기 때문에 공기가 안 좋아서 안 좋다고 하더니만….
805,6시 반에 출근하러 집 나서는데... 불가능한 아침이네….
806,새벽 4시 반에 안 나서 출근만 두 시간이 다스 기적의 아침이지
807,저러고 회사가 서 잠들지. 미라클 모닝 도전 크크크
808,"ㅈ 소라 5시에 일어나야 출퇴근 되는데 경이 뭐 시기하려면 3, 4시에 일어나야겠네. 크크 시 팔"
809,아침형이든 저녁형이든 그냥 규칙적으로만 살면 된다고 배웠습니다.
810,저거 하면 오후 13시쯤 피로감이 2배임.. 그래서 차라리 1시간 좀 더 자고 7시에 일어나려 함
811,"크크크 저거 책 딱 나왔을 때 봤는데, 중학생 때였구나"
812,일찍 자고 새벽 5시 기상 추천함 아침의 여유는 하루가 달라짐
813,미라클 모닝 나만 하고 앞서가는 건 줄 알았는데 아니구먼
814,저렇게 하면 건강하게 공공 임대 아파트 들어갈 수 있음.
815,6시면 출근 준비해야 하는데 자기계발은 무슨 크크크
816,나도 미라클 모닝 2번 읽었는데 읽는 중에는 해야지 하는데. 읽고 다음 날 되면 링 귀찮음
817,저거 절대 못 하고 11시 6시 푹 자야 개운….
818,6시에 일어나서 출근 준비하는데 몇 시에 일어나면 기적에 안 침인가요…?
819,건강을 위해서라도 최소 6시간은 주무시길 하하
820,잠 적게 자면 몸에 엄청나게 무리 가요 일찍 일어나려면 일찍 자세요
821,엘에이치는 꼬리 자르기 실세 몸통을 찾아라 ㅂㅎㄱㄴㄴ
822,1시 12시에 자도 11시 넘어서 깨서 반쯤 포기했는데…. ㅋㅋ
823,전 주. 야 일하는데요.. 그래서 오전에 자는데….
824,건강을 위해서 하루 8시간 이상 수면을 권장합니다.
825,미라클 모닝이 아니라.. 그냥 아침 아니면 할 시간이. 없어서 그런 겁니다….
826,아니 제발 별의 미 없는 거에 뭐 갖다 붙이지 마! 크크크
827,ㅋㅋㅋㅋ 그냥 백수가 많다는 거 좀 나 포장하네
828,78 시간 안 자면 근 손실 옵니다 공복으로 뛰거나 운동은 정말 미친 짓의 구요
829,다 백수이신가.. 아침에 조깅하고? 명상하고 .... 아이고…….
830,새벽 공기가 하루 중에 질이 제일 안 좋다는데
831,아침에 저렇게 뛰다가 일산화질소 좀 나 처마 심 공기 상쾌한 건기 본 탓
832,나이 먹으니 잠이 안 와서 일찍 일어나지면 ㅋ
833,미라클 모닝은 알겠는데 아침 공복 운동은 조심하셔요
834,그래서 돈 되나요? ㅋㅋ 방향이 중요한 듯해요
835,"조기 출근, 야근, 철야 미라클 모닝은 무슨……."
836,아침에 일어나서 똥을 싸면 미라클 똥. 좋나 커서 미라클
837,미라클 사망. 최소한으로 자야 하는 시간이 하루 평균 67시간. 잠 안 자고 카페인으로 버티면서 설치다가 훅 감.
838,"그냥 자기만족이지 뭐., 아침에 할 거 부지런히 전날 밤에 하고 푹 자는 게 이득임."
839,그냥 백수들이 할 거 없어서 인스타에 올라는 거
840,아침에 일찍 일어나 부지런히 으쌰으쌰 하겠다는데 뭐 그리 불만들이지
841,기적 ㅇ 자리 그냥 그 환경에 맞게 사는 건데 ㅋㅋㅋ
842,참 피곤하게 산다. 난 잠이나 더 잘란다. 휴일 산책하는 것만으로도 충분하다.
843,하나의 붐이죠. 평소에 꾸준히 하시는 분들은 미라클이 고 뭐고 모르겠다 운동이나 가야지 하십니다
844,심지어 단어 자체도 좀 나 틀 딱 냄새남 크크크
845,미라클 모닝 ㅇ 자리 ㅋㅋㅋ 웃기고 자 빠졌네
846,기상하면 체 내 비타민C 농도가 최저인 상태에서 운동하면 활성산소 증가로 혈관질환이 더 가속한다는 걸 모르네! 쯧쯧
847,인기인 건인지는 모르겠는데 ㅋㅋ 인기에 기준이 뭡니까
848,강원도는 병 들어가고 있지 강원랜드 때문에 터가 운이 끝났다 자살한 원한 이 너무 많다
849,민주당원들 목숨 보전하고 싶으면 깡그리 짐 싸라
850,이 시국에 누가 해도 이보다 잘할 수는 없어 세월이 가봐야 느끼지!
851,아니. 크크크 똥 통 안에 들어가 넣고 선 뭘 통감해 크크크 위에서 시키든?
852,파리가 두 손을 싹싹 벨 땐 미안해서 비는 게 아니라던데 누군가가…….
853,아니 윗물이 사과해야지 밑 물 위 뭘 했겠어.
854,파리가 손바닥을 비비고 용서를 구할 때는 때려죽이라면서
855,왜 남의 자식 일을 애먼 놈이 나와서 사과하는 거?
856,반성이란 게 말로 씨부렁거린다고 되는 거냐? ㅋㅋ
857,탈당들 해라 친문들이 난리니까 그냥 지 늘 끼리 잘해 처먹다 망하라고 하고 나와라
858,얘들은 재선 틀렸네! 그냥 연금만 받아라. 크크 민주당은 치가 떨린다.
859,민트 윤미 불 쇼와는 표정이 다른 듯 안 바보 같아요
860,무슨 뜻인지 알겠어요. 언제나 도움이. 되는 내용에 길면 사드립니다
861,바이크 타시나요? 손은 하얀 데 손목부터 좀 타신 듯?
862,2시간은 그중에서도 소수 아닐까? 여 ㅋㅋ 아무리 그래도 그렇지 ㅋㅋ
863,단타 치면 큰돈도 못 만지고 돈 버는 재미도 못 느낄뿐더러 돈 잃고 자기 성찰 하면서 성장하는 시간도 못 얻고.
864,북도야 지 운명도 얼마 남지 않았다! 우리가 어떻게 하느냐에 따라서 앞당길 수 있다.
865,민희 씨 날이 갈수록 아름다워 지 내 요 행복한 남한 생활 이어가세요
866,북한 당국 입장에서는 나문희 씨 진실을 들이대 제압 괴롭겠습니다. ㅋㅋㅋ
867,하하 신청은 구청에 하지만 발급은 외교부에서 합니다.
868,나만 흰 님 언변 능력이 늘어난 것 또한 깜 놀에 추가해 주세요.
869,인제 보니 똑순이네 모두 구독 좋아야 콱콱 눌러주세요
870,민희 씨 여권 가지고 뒷배경에 있는 곳으로 여행 가시면 좋을 듯합니다. 물론 바이러스 종식되면요
871,대한민국에서 행복한 일상을 누리시기 바랍니다….
872,"민희 씨, 차 한 대 사서 고향 평양으로 가서 친구들에게 자랑할 날이 곧 오겠지요"
873,"정말 똑똑 한 분입니다, 이 땅에서 태어났다면 아마도 다른 삶을 살 것 같습니다. 행복하십시오"
874,이제 좀 더 흥미를 느끼시고 도전해 보시면 아주 많답니다 하이팅!
875,평양 계집애 나문희 반갑습니다. 날로 세련되지는 u 열정에 찬사를 보냅니다. 성공적인 정착되세요.
876,민희 씨 장롱 면허 시군요. 크크크 얼른 한대 뽑으세요.
877,미국에서는 여권을 우체국에서 만들어주는 건 안 비밀
878,김정은 폐 걱정에 차량 제한.. ㅋㅋㅋ 복스럽네
879,민희 양은 기품이 있어 보여 머는 리 삶고 싶구먼
880,"엉뚱한 질문 같지만, 민희 씨 어디 김 씨인가요?"
881,여권이 장롱 속에 처박혀 있어요. ㅡ 에 흄인 이 씨는 행복을 누렸으면 합니다
882,한 집안에 자가 용이 4대 있고 5대 있는 집도 있다 아빠 차 엄마 차 자녀 3명 모두 차가 있죠
883,만의 님 저의 교회에서 섭외하려고 하는데 연락할 방법이 없네요. 연락할 방법이 없는지요
884,그래도 하루 만에 나온 건 특별한 케이스라 그런 거죠. 보통은 길면 1주일도 걸리죠. 배경을 바꾸셨네요. 휴양지를 고르셨네... ㅎ
885,여권. 미국 비자 등 어린아이도 여권 비자 다 받을 수 있어요.
886,성인이 아니어도 아기 두 여권 있어요. 우리 아들은 4개월 때 여권 갖고 비행기 타고 외국 갔어요.
887,북한 우상화 교육 절대 포기하는 일 없죠. 민족의 태양... 백 전 백 승의 위대한 영도자….
888,담배 피우는 김정은 폐를 걱정해 평양시 내 차량 대수를 줄인다고요? 참 웃긴 동네군요.
889,차 한 대 사세요. 차가 있고 없고 삶의 질의 차이가 하늘과 땅 차이. 할 수 있는 일도 더 많고 시간을 더 효율적으로 쓸 수 있어요.
890,전 통일되면 내 차 타고 평양에 올라가 김일성 광장에 돗자리 깔고 누워 음악 들을 겁니다 아메리카노도 한잔하면서 요. 크크 그날이 곧 올 겁니다
891,김현미는 안 잘리냐? 능력도 없는 게 왜 자리만 차지해
892,유은혜 예뻐요 뽀뽀해주세요. 쪽쪽 해주세요. 조 민 추방해 주세요
893,뇌물수수자 김종인이 꾹 힘의 지도자라 웃기네요
894,저게 반문 효과이지 무슨 안철수 효과냐 크크크
895,행복하기 위해 믿는 종교로 병들 고 아프고 그게 천국이냐
896,이만희가 요한 묵시록 통독은 해봤는지 의문이다
897,자기들이 뭘 알겠어 모르니까 저리 씨부렁거리지
898,우리나란 멀었다 586 들 싹 다 그냥 제 활동에서 빠져야 깔끔해짐
899,카레 맛 똥과 똥 맛 카레와 토마토 맛 토의 대결을 보는 것 같았음
900,"썩은 거나, 덜 익은 거나 그래도 썩은 걸 삼킬 수 없지"
901,언제까지 눈 가리고 귀 막고 버티나 보자. 크크크
902,아니 폐 ㅁ MBC 아아 아악 안 들린다!!!
903,"암탉에게 지배받느니, 강한 수탉한테 지배받겠다."
904,이슈 완전히 정복이라면서 제일 중요한 걸 정복 못했나 쯧쯧
905,젠더 이슈가 딱 답인데 애써 피하는 저 위선자들
906,"Premium Private Sex 18 cams. xyz ! 1, 1617879667"
907,오세훈이가 너희들 밥그릇 빼 없는데 왜 패해 의식이 잘해요
908,평생 노예가 될 바엔 일확천금으로 코인 해서 돈 버는 게 답
909,어쩜 구역질이 다 모였네! 전부 묶어서 바다에 던져 버리고 싶다
910,"소 대가리 족속이, 진열되면? . . . . . . . . . . . . . . . . 바로 남북통일됩니다. ! !"
911,개같이 일하느니 잠깐 일해서 확 땡 긴 다음 여생 편하게 사는 게 개꿀이지
912,논리 비약. 너무 극단적인 논리네요. 꼰대 논리.
913,안녕하세요 마스터 박입니다. 유용한 정보만 올리는 군 요 진작 알았으면 하하 떼부자!
914,유익한 정보 잘 봤습니다. 편안한 휴일 보내세요
915,부부 재테크 십계 명 주말 오후 한가한 시간에 잘 감상했습니다. 행복한
916,고지혈증이 진짜 무서운 병이네요 미리미리 조심해야겠어요….
917,루피 자부터 해서 선한 연 향락까지! 올해 트렌드 요약집이 따로 없네요. ㅎㅎ
918,아이고 시원하네…. 민주당이 새롭게 거듭나길 바랍니다.
919,과연 김희애보다 최수종이 성공했다고 볼 수 있는가 둥.
920,"건건이는 나보다 어린 것 같은데 촉도 좋고, 시원시원하네! 좋아요."
921,257 자신의 재산 ㅇ 자리 ㅋㅋㅋ 유권자들이 합법적으로 행사한 표에다 대고 저렇게 깎아내려도 되는 건가?
922,그래서 안 까먹게 장작 좀 계속 넣어주면 고마울 것 같아요
923,발 봤습니다 이십 대 초인 울 아들에게도 보여 줬습니다. 제 페북에 공유해도 될까요
924,그동안 서러웠다는 거 좀 외치고 싶다는데!! 그냥 듣는 척이라도 좀 해달라는데!!
925,일단 차를 멈춰 세워서 고치려면 586식 엔진부터 박살 내야 한다는 거군요
926,형... 남들이 뭐라 든 난 형 믿고 본다.. 본질을 보는 게 중요한 거 같아….
927,언제나 마이너 한 주제로 리뷰를 하지만 그 리뷰는 절대 마이너하지 않다
928,존 나 깔끔하네! 이런 게 논문으로 나와야지.. 윤지선 따위가 아니라
929,와 진짜와 십 와 어떻게 이렇게 잘 표현하지!
930,논리적인 사고 자체를 다들 안 하려고 하네 하긴 흑백 논리만큼 편한 게 없으니까
931,예상은 했지만 한 달 뒤에 와보니 이런 콜로세움이 없노. 크크크
932,빼앗기고 싶지 않고 뺏고 싶지도 않아.. 그냥 행복하게 살고 싶어..
933,왜 가면 갈수록 커뮤 간의 소속감은 높아지는데 가족의 소속감은 낮아질까
934,마개 아... 우리가 드디어 한 번 이 겼다... 저 개새끼들에게 한 번 드디어 보여줬다...
935,이 분 진짜 진국인데...? 너무 알맞은 말입니다 진짜
936,진짜 이 채널... 떡 상한 다 소재와 통찰력이 어 마 어마하다
937,그래서 그들이 내리는 결론 탈 조선 기회만 맞으면 떠나려는 성향이 엄청 커짐
938,토론을 하려고 해도 토론이 안됨 그놈의 성역 화 그냥 무적기 임ㅋㅋㅋㅋㅋㅋㅋ
939,아니 그냥 순수하게 왜 그리 극단적으로 못 치 달아 안달인지 모르겠습니다..
940,어쩌다 네오나치 꿈나무들이 성역에 도전하는 핍박받는 도전자가 된 겨ㅋㅋㅋㅋ
941,광우병 때 초등학생이었는데 우리 집은 소고기 싸서 개꿀 빨았다 ㅋㅋ
942,제업 되었군 요 이번엔 최초 공개가 아니라 아주 좋습니다!
943,선생님...! 이소선 작가님 작품 네이버 웹툰 우바이 리뷰해주세요!!
944,구독자 오백 명일 때부터 봤는데 ㅜㅜ. 점점 유명해지고 계시네요
945,"그냥, 전부 짜증 나. 몰아가기 바쁠 뿐이죠."
946,광우 뻥이 정말 충격적이었죠. 초등학생 때는 광우병이 진실인 줄 알았는데
947,철 구인 방세 대가 5할은 먹고 들어갔다고 확신함
948,구독자 떡 상했으니 히프 한 거 함 조 집시 다 담 만화 리뷰 호면 쿨루프 어때 요 좀 씀 영화도 나온 다 든 데
949,솔직히 밖에 선 사건이나 뭐 인터넷 논란에 대해 의견 표현하기가 가끔 꺼려지는 경우가 너무 많음….
950,객관적으로 해설하는 미디어가 부족해진 요즘 이 채널은 귀하군요…….
951,누구 한 명 대단한 새끼 나와서 의견 통합해주면 좋겠네….
952,뭐야 구독 자랑 조회 수 원래 이렇게 많았나?
953,쪽팔려서가 아니라 귀찮아서 영 암만 위기에 닥쳐도 귀찮아서 뭐 안 함
954,떡 상각 제대로 타네 요즘 초기 구독자인 게 맘에 든 당
955,929 ???586이 왜 강형욱도 못 말리는 개가 아니지?
956,마개 님은 왜 이름은 마이너인데 얼굴 사진은 안 그런 거예요
957,여기서도 또 아주 싸우고 있네. 허허 내 몸 간수나 잘해야지….
958,낡은 좌우 이념 대립 크크크 편들어주는 내용은 ㅋㅋ 아니에요. ㅋㅋㅋ에 휴
959,추구하는 가치를 개집 현판처럼 달고 있을 뿐 팩트가 있어도 이견이 있어서 전혀 뭉치질 못함
960,진 0.... 대학 강사님께서 민감하신 부분 조심해야 합니다.
961,전역 전까지 구독자 20만 명 못 찍으면 전문하사 1년 앵커 박습니다. 22.07.22 전역
962,우한에서 폐렴 생긴 거 아닌가??? 그래서 우한 폐렴이라고 하는 거 같은데?
963,솔직히 이 채널은 시계 보러 오는 것보단 입담 들으러 오는 거 인정?
964,94년생입니다. ㅋㅋ 형님 언제 돌아오나 기다렸습니다. 크크크
965,아쿠아 테라 리뷰 잘 보았습니다. 혹시 위 구 ㄹ 아니 위블로 리뷰 가능할까요? 노래 은 에이트의 신장이 없어 신청합니다
966,파푸아뉴기니 비유가 아주 아름답습니다. 웃고 갑니다 ㅋㅋㅋ 힘내세요!
967,한잔하니 더 거침없는데 그 와중에 틀린 게 하나도 없어. 정말 좋아
968,신기해하는 채널 ㅋㅋㅋ 드립이 신기하네요. ㅋㅋㅋ
969,위트가 넘치셔 요 크크크 시계 좋아해서 보는 채널이지만 더 좋아짐
970,돌아오셨군 요 언제 돌아오시나 하고 계속 기다렸어요 그나저나 시계 너무 예쁘네요. 처음에 예가 폴라리스인 줄 알았는데 오메가였네요
971,어릴 적에 좋아하던 아이돌이 컴백한 느낌입니다.
972,우! 화 안! 폐에!! 겸!?!? 웃어버림 터졌습니다.
973,기다렸습니다! 다음엔 노래도 부탁드립니다. ㅎㅎ
974,아!! 그리고 사십 대도 사랑해 주세요. 얼마 남 지도하지 않았구먼….
975,간만의 업로드 환영합니다. 계속 건승하시길 바랍니다
976,"그 와중에 아쿠아 테라 월드 타임 이쁘네요, 저거랑 대피 클래식 고민하다 대피 업어 왔습니다"
977,힘내 형형 노래 못 들어서 요즘 흥이 안 나! 다시 예전처럼 노래 불러줘
978,우한 폐렴 맞는데...? 잊지 말아야지 ㅋㅋㅋ Made in China
979,차고 계신 월드 타이머 리뷰 좀... 영롱하군요
980,핑핑히 산하의 장 1개 들은 말 안 통해요 그냥 지워버리세요. ㅋㅋ
981,우한 폐렴이 아니면 뭐나 우 한 폐렴 맞습니다
982,우한 폐렴을 우한 폐렴이라고 하지 뭐라고 부르냐??? 크크크
983,노래 들으러 구독했는데 노래는 안 하시고 시계만 보여주시네! ㅋㄷ
984,우한 폐렴 맞는데 뭔 캐나다 중 공 간첩이 지랄이고
985,애청자로서 언덕은 좀 빼고 가시는 게. 좋을 거 같아 요 재능 낭비입니다
986,병 주고 약 주고 재량이 때문에 자다가도 벌떡 일어난다.
987,직장생활 ㅈ도 안 해봤으니 자기들 돈 아니니까 개 뿌려 대로
988,지랄 발광을 하는구나 맘대로 해봐라. 어디까지 가는지
989,"자영업자, 중소기업, 대기업이나 신경 쓰지 국고 없다면서 저 난리 ㅋㅋㅋ"
990,분쟁이? 통신비 2만 원이 너의 돈이냐? 참!
991,"문재원 보유국 대단하다,,, 베네수엘라 초기 진입 중"
992,이 기특한 아들 낳은 엄마가 궁금하네요. 장하네요. 사랑 제일 교회 힘내세요
993,대가리가 깨져도 어쩔 수 없는 경우도 있는데 역시 사이비 종교와도 같지
994,대가리 깨져도 문이 아니라 대가리 깨져서 문이라는 게 학계의 뭐 시기냐 그
995,3.6 퍼도 아니고 진짜 36% 맞나 조사업체 못 믿겠네….
996,대한민국이 등을 돌렸다. 이제 저들에겐 전자 개표기뿐이다.
997,방역을 잘해서 백신도 못 구해서 쩔쩔매고 앉았나 ㅋㅋ
998,이인자 삼인자에 머물러야 할 놈이 일인자가 됐으니 개판이지 뭐
999,백신 1호 구경꾼 인대 대체 뭘 잘한다는 거냐
