﻿,keyword,keysentence
0,20대,여성 페미니스트의 주장 20대 남자는 매우 미숙하니 투표권 없애야 하고 만 16세 생리 이후 여자는 여성으로 보고 투표권 행세해야 합니다.
1,페미,우리나라는 진보나 보수나 진정 국민을 생각하는 정치인들은 없음.
2,여성,"10대 남성이 갈아엎을 거 기다리지 말고 지금 20, 30대가 갈아엎어야지 뭘 그때까지 기다림. 40대가 끝까지 문제면 쳐내 그냥"
3,국민,저 지지율이 정말 경악스럽네요. 아직도 지지하는 사람들이 있는 게 참 내가 하면 로맨스 남이 하면 불륜 or 더불어 공산당 or 남 탓 정부
4,지금,"이게 시작이야.. 서울시장, 대선, 그리고 국회의원 선거로 차례차례 무능하면서 착한 척만 오지는.. 너희들을 청소할 때가 왔어…."
5,사람,추녀 진절머리가 난다. 대통령은 묵묵부답이 정권은 정신세계 참 독특하다 잘못하고도 사과하는 인간이 없네
6,남성,거짓 정당 문재인! 박영선 무엇이라고 정의당이라고 그리고 오세훈 후보 거짓말을 한다고? 거짓말을 어느 당이 더 많이 했는가?
7,남자,언론 개혁 못 하면 미래는 없다고 그렇게 말했는데 뭉그적거린 결과 정확한 말씀입니다
8,생각,사회적 거리도 기 정책 진짜 잣같이 시행하는 건 알겠음 근데 페북이나 인스타 같은 SNS에 극우 네티즌들로 도배되는 거 효과 본 것도 있는 듯
9,정치,임 대표님 오늘 영상 참 좋습니다. 요즘 젊은 세대들이 볼 영상입니다. 저도 애들한테 추천 하려니 다 감사합니다.
10,지지,저희 집은 주식으로 폭 망해서 안 좋은 기 억이 있습니다. 부동산은 가격이 떨어져도 가족들이 살 기 좋아하니 기분은 좋더군요
11,나라,조국 장관님 항상 응원합니다. 가짜 뉴스로 현혹하는 유튜브와 적폐 청산은 깨어 있는 시민님 들 목표입니다. 황희 두 임 응원합니다
12,보수,저건 모르는 게 아니다. 이미 다 알고 있는데 사실대로 말하면 더 욕먹을까 봐 일부러 피하는 거지
13,선거,나는 60대인데 이 청년 어쩜 이렇게 시대를 궤 뚫고 있으니 눈물이 났다 너의 말이 다 맞다.
14,여자,자기들이 남녀 갈등 만들어서 편 가르기도 해놓고 왜 갈렸나 분석하는 것임? 진짜로? 몰라서 저러는 거야? 아니면 멍청한 거야?
15,투표,대치어 없음 한겨울에 광화문에서 박근혜 하야 외치면서 촛불 든 게 누군데 역사 경험치 ㅇ 자리
16,진보,대체 180석 정도나 먹고 한 게 뭐냐 그러곤 나선 이번에 진 이유도 병신 같은 데서 찾고
17,정권,너무 가슴 아픕니다. 평범한 부모님의 자식들은 희망이 없이 하루하루 힘들게 살아가는 이 현실 세상을 바뀌게 2번 찍어요
18,보고,그리고 노장인 이해찬 더 하라 할 수도 없고 고문 역할 하시길 왜 국가를 위해서 이해찬 파이팅
19,문제,MBC 키워야 한다. 그나마 공정한 방송하는 건 마봉춘이 최고다
20,청년,저는 여권에 관심도 없었는데 탈북민들이 하도 여권에 대한 소중함을 얘기하시는 거 보니깐 내 여권이 달리 보이더라고요.
21,정책,좌파 뽑아도 LH 우파 뽑아도 LH 답은 허경영!!!
22,사회,"여당 총동원령! 부정, 조작, 사기 꼼수, 중국인, 조선족 개입을 철저히 감시 감독합시다"
23,부동산,노래 너무 잘하시네요 앞으로 계속 듣고 싶은 목소리에요
24,세대,유리할 땐 평등 불리하면 차이 ㅇ 자리 하고 그걸 또 밥그릇 안 뺏기려고 다 들어주는 지옥 같은 한국
25,언론,다 필요 없음 이낙연 이재명 정세균 내년에는 꼭꼭 야당 해야지
26,많이,여가부 폐지하고 그린벨트 풀고 아파트 미친 듯이 지으라고 집값 그만 올리고 월급으로 집 좀 사보자
27,정신,일본 버블 경제에 대한 경기지 피해자와 가해자가 중요한 게 아니지 않나요? 결국 폭탄 돌리기 참여하지 말란 메시지 아닌가요?
28,정부,검찰보다 경찰이 더욱 열심히 수사할 듯 기대됩니다. 검찰은 전부 1의 대변하는 세력
29,대통령,왕토 본래 캐릭터가 마스크라던데? 반박 시 코로나
30,서울,"오세 후니, 급식 반대에 살려놨더니 페라가모에 생태탕 먹으며 투기하고 싶나 보다 ㅠㅠ"
31,그렇게,나 50대 차음 댓글 진심 공감... 엄지 척….
32,박영선,"맞습니다!. 아쉬우면 비단도 한 끼라고. 삼촌 네 떡도 싸고 맛있어야 사 먹는다고, 장마다 꼴뚜기 나오는 것은 아닙니다"
33,내가,이명박 그네 때 교육과 군대 생활의 영향임 북한과 잘 지 내려는 걸 못 봐줌 아주 경기를 일으킴
34,40대,또 세금으로 돈 퍼주려고? 취업률 올리는 게 아니라 백수 앵벌이 현금 지원하고 있냐
35,거지,일베충이 되어 버린 나... 이젠 취직 못하는 거예요?
36,30,닭 그네 키즈 이준석 그런데 준석이 도 최순실 밑에 있었나?
37,아직도,성추행 당연히 여론 파악을 대체 어디서 하는 거냐 크크크 매일매일 자살골 넣는 거도 재주 다 크크크
38,10,탈북자 여러분들 진정한 자유대한민국의 애국자들입니다.
39,좋은,이 미친 초선 5적들이 민주당이니? 정말 욕도 아깝다 어떻게 이런 짓거리를 할 수 있는 것인가? 정말 분노스럽다
40,근데,누굴 뽑든 민주당보다는 훨씬 나을 거라고 절대 민주당 안 뽑을 거다
41,말고,재선된 분들 본인 의사에 비추어 방 안 옮기면 뭔가 힘을 들지 않을까요?
42,남녀,갤럽 19%는? 국지 마음 20 프로 못 넘을 듯
43,조국,민주당은 수준 이하의 집단이 분명합니다. 호남의 수준인가???
44,대선,처음부터 죄가 없었다 윤석열 일당들이 만든 것 아닐까?
45,앞으로,142 단추 구멍 눈이라 뭐가 똥인지 된 장인지 못 알아보나 봄….
46,이게,"군 가산점, 군 호봉 인정 안 해주는 게 빼앗을 게 아니면 뭐냐?"
47,파이팅,윤. 석 열을.. 제대로. 쳐. 내지. 못한 게. 큰. 실수였다.
48,영상,진짜 변호사님 크크크 제가 하고 싶은 말 시원하게 해주시네요….
49,후보,겨 묻은 개 때문에 똥 묻은 개한테 표를 주네 ㅋㅋ
50,의원,최악보단 그다음 악... 솔직히 양쪽 다 혐오스럽지만
51,이유,이런 거 공개 왜 하냐 또 성차별 어쩌고저쩌고 조장하려고?
52,개혁,진짜 이 상하네 MBC... 너무 심한 거 아닌가 몰라 이거
53,것도,"버려, 외면.... 서로서로 아니었나 싶다…."
54,이미,내곡동 땅으로 협박하는 놈들 다 입 다 물게 해주세요
55,저는,"극우들의 공산주의 프레임이 2, 3십 대에 먹힌 것 같습니다. 이념 대결로 갔습니다."
56,역사,하루빨리 열린 민주당과 통합하라 미루지 마라. 나 주 나중 핑계에 불과
57,시장,당보 고 뽑는 게 제일 멍청한 짓인데. 이번 총선은 인물이 없긴 했다.
58,위한,민주당을 뽑진 않았지만 무능한 이들에게 권력을 주면 이런 일이 있지 않나 싶습니다
59,공정,어찌 됐건 ...이제야 국힘당에서 안철수 관련 디스 하는 건 보기가 별로요..
60,한국,진짜 민주당 제대로 각성해서 대권 화끈하게 가져오자!!!
61,검찰,계속 이길 순 없다. 아쉽지만 이번엔 잘 졌다.
62,왕토,소통하라고 하는데 거기 출연자부터 소통 좀 하시지
63,말이,180 일하라고 줬더니 이래저래 끌기나 하고 이것들도 똑같은 것들이 네 취급 당한 것이다. 반성해라
64,방송,임대 사업자 혜택이 민주당 망하는 지름길. 다주택자 혜택 준 것이 첫째다
65,피해,듣기는 속히 말할 가는 천천히 비난 비판보다 경청.
66,부정,그런데 난 왜 민주당보다 국지 마당이 더 강해 보일까...... ㅡㅡ
67,것은,민주당 서포터 한다는 당 신부 터 개념이 부족한데 뭘. 크크
68,군대,민주당 너무 감싸지 마시고 수박들을 색출에 명단을 공개하세요. 박시영 님
69,코로나,"민주당 지도부 자체를 잘라야 하는데, 무슨 제목이 이래? 박시영 호남 출신이라는 티 계속 낼 거냐?"
70,주식,오세훈이 국무회의 참석하는 상상 하면 피가 거꾸로 솥 음
71,대치어,이럴수록 더 힘내서 싸워야 합니다. 항상 이길 수는 없는 겁니다. 지면 다음에 이기면 됩니다
72,잘못,안진걸 소장님 고맙습니다. 오세훈 박형준 수사해야 하는 거 맞지요
73,결과,민주당도 오세훈 고소 취하하면 절대로 안 됩니다. 취하하면 집토끼들 다 달아납니다.
74,좌파,안 소장님 정말 아무리 참으려 해도 눈물 아닌 피눈물이 납니다.
75,감사,"오세훈의 비리 숨기고 살았겠지만, 하나님이 용서하지 않아 그 죗값을 크게 받을 것이다."
76,정도,싹 수가 노란 것들은 미리미리 싹을 잘라야 됩니다.
77,알고,안 진걸 완전 핵산이다. 정말 위로 가 됩니다
78,그러,이소영 장경태 여기 패널로 나왔던 분들 아닌가요? 내 참 어이가 없어서 다시 섭외해주세요
79,사실,ㅋ 고현준 기자님 어머니부터 계몽해 봅시다!!
80,뉴스,애교로? 장난하냐? 애냐? 실드 영역 벗어났습니다.
81,적폐,오세훈 도덕 불감증... 안진걸 님 미안하고 죄송합니다
82,미래,동네방네 나경원 외치고 다니니 나경원이 못 올라왔지 댁이 무슨 전략가야
83,나오,박시영 요즘 왜 이리 나이브하냐? 구독 취소하고 갑니다.
84,국가,민주당아. 박시영. 김어준. 이동형 말만 잘 들으면 떡이 생긴다. 이것들아
85,180석,"이낙연의 엄중, 협치, 사면이 민주당을 말아먹었습니다."
86,말씀,신지호 교수님 음량이 다른 분보다 작게 나옵니다
87,이삼십대,세 분을 여기서 뵙는군요. 수고 들 하셨습니다!
88,소리,한 주제당 1315분 설정에 두 가지 주제를 설정해 주시면 어떨까요
89,갈등,장 예찬 님 젊은 분이 날 카 토운 지적 훌륭합니다.
90,LH,명쾌하다! 시원하다! 냉장된 사이다 큰 컵에 마신 것 같다! 속이 파트이다!!
91,그걸,어벤져스 야호!! 우리 우파의 힘 받는 세 분 존경 하빈다는 지 할 곳 없는 우파의 심정 달 내 주시는 어벤져스 야호!!
92,있습,대학생들과의 토크 콘서트 꼭 해야 할과 제입니다. 기대합니다.
93,말을,문 씨 마스크 사진 위에 눈깔이라도 모자이크 처리 부탁요
94,없이,저 무능하고 뻔뻔한 더불어민주당 제발 2022 어벤져스 시청 좀 했으면 좋겠네요. 세 분이 우리들의 희망입니다
95,국회,베네수엘라처럼 은 되지 말자는 거겠죠. 외출했던 뇌가 좀 돌아온 거겠죠.
96,정당,008 연설하시는 분의 성함은 유재성이 아닌 노 대승입니다.
97,경험,몇 번을 다시 봤는지 모르겠습니다. 또래로서 너무 자랑스럽습니다.
98,세금,너무 대단하세요. 유세 현장서 찬조 연설 쉽지 않을 텐데 어쩜 이렇게 똑똑하신지 참으로 자랑스럽습니다
99,평등,정말 멋진 연설!!! 며칠 준비를 해도 이것보다 나을 수 없다!!!
100,못하,이런 거 좀 자주 해주세요. ㅋㅋㅋ 너무 재밌음
101,저도,멋있어요. 연사님 똑똑하시네요. 저런 분의 부모님 부럽습니다. 정말 멋진 분이 시네요
102,인간,와 말 진짜 논리적으로 잘한 다 대박 멋지네요
103,취업,진짜 감동이네요. 즉흥으로 이렇게 이분은 뭐를 해도 할 수 있을 것 같네요
104,정의,"노재성 님 후일, 이 날라짐 어질 제목입니다. 기억할게요."
105,세상,진짜 소름 돋게 참된 팩트만 말해주니 카타르시스가!!!
106,내년,우와... 이분 레전드네!!! 감탄만 나온다.
107,나는,"단독 의인이라던 생태탕집, 도박 방조로 과징금 600만 원 처분"
108,거야,울 아들 대학생인데 환승 제도 너무 잘 되어서 좋다고 함
109,이해,진짜 웬만한 나이만 처먹은 꼰대들보다 백 배 낫다….
110,박근혜,토목공사 돈 벌고.. 내곡동 그린벨트 풀어 돈 벌고.. 좋아 좋아
111,말하,노재성 님 진정한 애국자이십니다. 감동했습니다
112,ㅠㅠ,박원순은 해놓은 거 없고 성추행만 하고 등등 아주 형편없는 짓만 했습니다.
113,있으,오세훈이 되면 그 쓸데없는 고가도로공원이나 없애 버려라. 아님 제대로 정비해서 다시 만들던가?
114,가산점,나 같으면 일 못 해서 쫓겨난 자리에 다시 안 가겠다. 양심도 자존심도 다 없구나! ㅋㅋㅋㅋㅋㅋㅋㅋㅋ
115,조작,오세훈은 우리 이승만 광장의 태극기가 지킨다. 대구 애국혼 구단
116,경제,시끌시끌 시 끌 시끌시끌 어머 어어 한심하구나
117,관심,320 내 귀를 의심했다. 덜덜 좀 상식선에서 연설자를 모셔야 하지…….
118,이준석,엠비 아바타 전광훈 똘마니 창피한 줄 알면 좀 사라져라
119,살아,이 분은 후에 메이플 간담회에서 사이다를 선사합니다….
120,당연,이렇게 논리적이고 이성적이신 분이 왜 메이플을….
121,거짓,오세훈 님이랑 안철수 님 뒤에서 흐뭇하게 바라보시는 거 졸기 크크크
122,분석,멋있다 잘 생겼다 똑똑하다 그래서 든든하다. 아들의 간절한 외침에 눈물 날 것 같다
123,집값,역시 크크크 추진 생이 20만 원은 어디서 났어요?
124,힘을,마지막에 왕 톤임 실명 뭐냐고 물어보신 거 같은데 ㅋㅋ 스카우트 당하시는 거 아냐?
125,분노,애! 국! 보! 수! 왕! 토! 좌! 영! 원! 하! 사! 알! 해!
126,못한,아니 이분이 왕 토 님이라고? 덜덜 그는 대체 황톳빛도
127,거다,메이플 간담회 분 바르구나 ㅋㅋㅋ 어쩐지 비슷하더라 ㅋㅋㅋ
128,잘하,신상 찾아내서 또 양념 당하지 않을까 걱정되네
129,필요,95년생 동갑인데 형이라고 부르고 싶다. 형 멋져요
130,자유,마스크 내려가는 거 계속 쓱 올리는 거 개 귀엽네 크크크
131,제가,뒤에 찰스 형님 눈빛 보면 오... 요것 봐라? 하하하 이러는 거 같음 크크크
132,열심히,키토.. 보면 볼수록 뭘 하든 대성할 케이스 같음
133,일베,말 진짜 잘한다... 매끄러워... 오 놀랍다….
134,허경영,마스크 내려가면 다시 올려 쓰는 건가 그때와 똑같군….
135,얘기,어쩐지 어디서 봤다 했더니 ㅋㅋㅋ 여기서 봤군요
136,50,황토 좌..... 그의 0.1이라도 닮고 싶습니다... 너무 대단한 분 ㅜㅜ
137,이명박,일반인은 아닌 거 같은데? ㅋㅋㅋ 아무튼 영선이 머리가 띵하겠다 크크크
138,표를,메이플 유저 왕 토 님의 언변 대출 박고 갑니다…….
139,있었,정말 간담회도 잘 봤습니다. ㅜㅜㅜㅠ 저보다 한 살 많은 데 정말 대단하십니다….
140,혐오,보통 인물이 아닌데? 엄청 훈남에게 용기도 있고 철학도 있고
141,댓글,우와... 정말 멋지다. 그리고 나도 반성하게 된다.
142,여러,이분이 그 간담회 1인 솔 격했다는 분인가요?
143,현실,가증스러운 놈 크크크 그렇지 국지 마당에서 교육 수료한 놈이라고 크크크 번지르르하더라니? 퉤퉤
144,응원,나 이 젊은이 자꾸 찾아보게 되네요.. 너무 매력 있어서
145,시민,그럼 2번 뽑니? 있는 데로 다 받아 처먹고.. 개 쌕 뀌네
146,시작,뒤에 라인업 레전드 네 크크크 오세훈 안철수 나경원 아니냐?
147,여당,직업은? 취준생 업적은? 원기 레이드 극 딜러
148,특히,나도 동감이 다 일 번은 노 답 담에 끌어내어 2번 그리고 의석도 80석으로 만듭시다
149,여론,에구 어쩌면 이리도 톡톡할까.. 맞는 말만 골라 하네요. 이런 젊은이들에게 희망을 봅니다.
150,차별,안녕하세요 선행 착해 여 요여 염증 해 염증 해거리도 다 자기들이 하고 여
151,초선,안철수 오세훈 나경원은 뭐 저런 애가 다 있냐 하면서 신기하게 쳐다보네! ㅋㅋ
152,끝까지,여기서도 말 엄청나게 잘 하시네 그는 달변가인가?
153,여가부,IT 강국이 된 게 어쩌면 신의 한 수인 듯.. 정보의 바다에서 선동이 쉽게 통하지 않는 젊은이들에게 희망을 걸어본다.
154,이야,오세훈은 우리 이승만 광장의 태극기가 지킨다. 대구 애국혼 구단
155,애들,우리 학교 출신이면 밥 한 끼 사주고 싶네! 흐흐흐 말 잘한다.
156,투기,이 와중에 흰옷 입고 있는 안철수. 눈에 거슬리군.
157,수준,말 잘한다. 발성도 좋고. 아나운서 해도 될 듯
158,프로,민주당의 언행 불일치 그리고 입 사행 모두 장악한 신독재... 반드시 교체해야 합니다
159,힘들,셀프 보상 어디 할 거니? 나도 하게 재탕하러? 왔다 오구라는 것이
160,만든,이 땅에서 민주당 몰아내는 혁명의 날 4.7일을 기억하자
161,시대,아 저녁 먹고 나른했는데 소화가 다 되네요. ㅋㅋㅋㅋㅋ
162,일본,오래간만에 속인 후는 하 네 뉘 집 아들인지 막혔다
163,이거,세훈 안 알지? 나왔대? 알지? 약속은 지켜라
164,뭐가,김대업. 윤지오. 두루 킴. 내고 증인 2공 통점?
165,서로,"네 공동 셀프 보상, 사퇴 요정, 오세훈 사퇴하나?"
166,것임,고작 그거냐? 머리에 든 게 너희들 대장은 더 큰 거 있다
167,그나마,눈물 나네요... 힘내시고 우리 연합하여 승리합시다!!!
168,중국,우리 아이들 눈에서 피눈물 쏟게 하는 저것들 열 배 백배 생지옥에 빠지길
169,보이,생태탕이 아니고 요 본질은 오리발 탕이랍니다 ㅋㅋ
170,유튜브,생태탕이 아니고 요 본질은 오리발 탕이랍니다 ㅋ
171,반대,깨문 이들하고 더 민주파들 tbs에서 좀 범하면서 씹던데 걔들은 왜 방구석에서만 저럼?? 도 통 밖에 나와서 뭘 안 하네요??
172,거라,진짜 머 찌 다 BGM까지 2002년 월드컵 때 그 젊은 열기가 가슴 뛰게 한다.
173,놈들,대한민국의 아저씨 가증에!! 금이 빨 빼고 모두 찍어줄게
174,세계,준 승기 잘한 다 크크 이번에 사고 친 듯 ㅋㅋ
175,뽑아,오죽했으면 오백삼 때문에 죽어가던 당이 젊은이들에 의해 부활하냐!?
176,마음,국토부나 다시 뽑읍시다. 김포 과천 분당 부천 다 망해갑니다. 대전도 울산도 광주도 ㅋㅋ
177,수도,"키득키득 젊은이들 아 너희들이 찍은 거니까,,,, 책임도 너희들이 져 영"
178,폐지,가고 싶어서 간 것이 아니러 가야 해서 간 것이다.
179,최고,040 이때만 해도이니 가 잘 할 줄 알았지…….
180,본인,채 묻은 수세미 닦으려고 사 온 게 오히려 똥 묻은 수세미였어
181,공감,개평과 공 결정 저거 진짜 내 웃음 벌임. 크크크
182,"2,",이제까지 없던 거 만들어준 데서 오 했는데 다른 의미였음. 크크크
183,빨리,꽃이 지고 나서야 봄인 줄 알았습니다.. 그립습니다. 각하….
184,그만,원인 1. 개문 시 2. 개 팔 육 3. 개짓거리
185,오늘,둘 다 기 특권인 지네들 월급 올리는 건 제일 빠름
186,뽑는,028 가슴에 울림을 줬는데 이젠 머리에 울림을 주네... 머리가 띵하다 후….
187,놓고,이제는 믿을 놈이 없다. 총 가진 살인마 vs 전기톱 들고 있는 살인마
188,집단,A야 너 왜 그쪽으로 가! B 네가 쳐 밀었잖아 A???
189,촛불,어디든 자기 쪽 해쳐 먹으려고 만 하는데 누굴 찍어야 할지 모르겠다.
190,떨어,2억으로 18평 수원 아파트 살 수 있게 만들어 주라
191,권력,지크 예 가도 1년 남았을 때 파라지 섬 습격을 추진했습니다
192,윤석열,진짜 왜 등 돌렸는지는 이 악물고 말 안 하네
193,야당,인제 와서 뭐 하려고 하지 마! 안 바꿔줘 돌아가
194,관련,몸에 대고 총 쏴 갈긴 다음 에어? 왜 피남? 이러면 아.. 피 나서 미안해! 하겠냐?
195,가짜,그냥 새로운 게 나와도 욕을 먹는 게 일상다반사
196,이재명,전형적인 가해자 마인드로 왜 등 돌렸냐고 묻네
197,답이,스파르타 마냥 자기들이 등 발로 차서 밀어 넣고는 왜 돌렸나
198,세력,대 깨들 다 어디 갓 누. 크크 대단 허다 이니
199,알아,제기랄 처음 연설부터 지킨 거 없네 ㅋㅌㅋㅎㅋㅌ 크크크
